{"stats":{"minecraft:picked_up":{"minecraft:crafting_table":1,"byg:lush_dirt":387,"minecraft:leather":8,"minecraft:oak_log":3,"minecraft:brewing_stand":1,"byg:white_anemone":1,"spirit:broken_spawner":9,"minecraft:smooth_stone_slab":5,"minecraft:leather_boots":3,"minecraft:zombie_head":1,"minecraft:bone":24,"minecraft:wheat_seeds":10,"ftbquests:book":1,"minecraft:beef":9,"twigs:twig":3,"byg:rose":3,"minecraft:oak_planks":8,"minecraft:iron_sword":1,"minecraft:egg":1,"minecraft:polished_andesite_stairs":3,"minecraft:stick":64,"naturalist:duck":1,"minecraft:torch":9,"byg:fairy_slipper":5,"minecraft:blast_furnace":1,"minecraft:leather_helmet":1,"minecraft:dark_oak_planks":112,"minecraft:stone_sword":1,"minecraft:arrow":21,"minecraft:rotten_flesh":35,"byg:pink_anemone":1,"minecraft:soul_lantern":1,"minecraft:bread":13,"minecraft:oak_sapling":1,"minecraft:skeleton_skull":6,"minecraft:cobblestone":20},"minecraft:used":{"minecraft:stone_sword":209,"minecraft:iron_shovel":381,"minecraft:stone_pickaxe":35,"minecraft:wooden_pickaxe":8,"minecraft:iron_sword":4,"charm:dark_oak_chest":2,"minecraft:torch":10,"minecraft:golden_apple":3,"minecraft:crafting_table":3,"minecraft:blast_furnace":1,"spirit:broken_spawner":1,"byg:lush_dirt":12,"minecraft:apple":4,"minecraft:bread":13,"minecraft:stone_axe":2,"naturalist:duck":1,"minecraft:cobblestone":8,"minecraft:beef":7,"minecraft:oak_sapling":1,"minecraft:skeleton_skull":2,"minecraft:egg":1},"minecraft:dropped":{"minecraft:stone_sword":1,"spirit:broken_spawner":8,"minecraft:smooth_stone_slab":2,"minecraft:rotten_flesh":35,"minecraft:leather_helmet":3,"minecraft:stick":32,"minecraft:diamond_sword":1,"minecraft:leather_boots":4,"minecraft:iron_leggings":1,"minecraft:polished_andesite_stairs":2,"minecraft:arrow":1,"minecraft:dark_oak_planks":48,"ftbquests:book":1,"twigs:twig":1},"minecraft:killed":{"meadow:inky_sheep":4,"meadow:patched_sheep":2,"naturalist:duck":1,"minecraft:skeleton":11,"minecraft:zombie":31,"meadow:pinto_cow":4},"minecraft:crafted":{"minecraft:oak_planks":12,"charm:dark_oak_chest":2,"minecraft:crafting_table":2,"minecraft:wooden_pickaxe":1,"minecraft:stone_axe":1,"minecraft:stick":8,"minecraft:iron_shovel":1,"minecraft:stone_pickaxe":1,"minecraft:stone_sword":1},"minecraft:mined":{"minecraft:soul_lantern":1,"minecraft:brewing_stand":1,"minecraft:crafting_table":2,"minecraft:torch":1,"minecraft:blast_furnace":1,"twigs:twig":1,"minecraft:cobblestone":5,"minecraft:wall_torch":4,"byg:lush_grass_block":330,"minecraft:spawner":5,"minecraft:skeleton_skull":4,"minecraft:coarse_dirt":1,"byg:lush_dirt":57,"minecraft:andesite":2,"minecraft:smooth_stone_slab":1,"minecraft:grass":17,"minecraft:skeleton_wall_skull":2,"minecraft:oak_log":3,"minecraft:vine":1,"minecraft:zombie_head":1,"minecraft:stone":15,"minecraft:oak_leaves":1,"minecraft:fern":1,"byg:tall_prairie_grass":2},"minecraft:custom":{"minecraft:mob_kills":53,"minecraft:interact_with_crafting_table":10,"minecraft:leave_game":1,"minecraft:time_since_death":32235,"minecraft:sleep_in_bed":1,"minecraft:climb_one_cm":1497,"minecraft:time_since_rest":22412,"minecraft:sprint_one_cm":213338,"minecraft:walk_one_cm":266708,"minecraft:damage_taken":1819,"minecraft:damage_absorbed":120,"minecraft:drop":20,"minecraft:damage_dealt":9028,"twilightforest:life_charms_activated":1,"minecraft:swim_one_cm":19615,"minecraft:talked_to_villager":1,"minecraft:fly_one_cm":270665,"minecraft:open_chest":40,"minecraft:crouch_one_cm":1815,"minecraft:play_time":70652,"minecraft:deaths":3,"minecraft:sneak_time":569,"minecraft:walk_under_water_one_cm":1824,"minecraft:jump":1471,"minecraft:walk_on_water_one_cm":5418,"minecraft:total_world_time":70652,"minecraft:fall_one_cm":34139},"minecraft:broken":{"minecraft:iron_shovel":1,"minecraft:stone_sword":1},"minecraft:killed_by":{"minecraft:skeleton":3}},"DataVersion":3120}