{"stats":{"minecraft:mined":{"minecraft:tuff":1,"minecraft:deepslate_diamond_ore":21,"minecraft:dark_oak_leaves":6,"minecraft:dark_oak_log":175,"minecraft:glow_lichen":2,"minecraft:cave_vines_plant":56,"minecraft:granite":8,"minecraft:grass_block":20,"minecraft:spruce_fence":8,"minecraft:spruce_leaves":87,"minecraft:moss_block":315,"minecraft:large_fern":25,"minecraft:tall_seagrass":1,"minecraft:spore_blossom":1,"minecraft:magma_block":4,"minecraft:spruce_sapling":1,"minecraft:furnace":4,"minecraft:carrots":6,"minecraft:iron_ore":88,"minecraft:moss_carpet":12,"minecraft:deepslate_lapis_ore":7,"minecraft:potatoes":38,"minecraft:cave_vines":89,"minecraft:deepslate_iron_ore":40,"minecraft:vine":1,"minecraft:azalea":18,"minecraft:stone":37,"minecraft:flowering_azalea":16,"minecraft:clay":6,"minecraft:crafting_table":4,"minecraft:short_grass":44,"minecraft:blast_furnace":5,"minecraft:chest":2,"minecraft:tall_grass":13,"minecraft:lapis_ore":11,"minecraft:deepslate_gold_ore":14,"minecraft:sugar_cane":3,"minecraft:diorite":14,"minecraft:blue_bed":5,"minecraft:coarse_dirt":1,"minecraft:wheat":9,"minecraft:sweet_berry_bush":23,"minecraft:spruce_log":327,"minecraft:oak_log":16,"minecraft:coal_ore":107,"minecraft:gravel":1,"minecraft:dirt":37,"minecraft:raw_copper_block":1,"minecraft:spruce_fence_gate":1,"minecraft:small_dripleaf":1,"minecraft:gold_ore":1,"minecraft:oak_leaves":3,"minecraft:deepslate":14,"minecraft:fern":7},"minecraft:broken":{"minecraft:stone_pickaxe":1,"minecraft:stone_axe":1,"minecraft:iron_pickaxe":1},"minecraft:killed":{"minecraft:spider":7,"minecraft:skeleton":17,"minecraft:chicken":2,"minecraft:drowned":1,"minecraft:pig":6,"minecraft:salmon":14,"minecraft:creeper":3,"minecraft:sheep":6,"minecraft:zombie":13,"minecraft:cow":7},"minecraft:crafted":{"minecraft:stone_shovel":1,"minecraft:spruce_fence":87,"minecraft:cooked_mutton":3,"minecraft:iron_boots":1,"minecraft:stone_pickaxe":1,"minecraft:chest":2,"minecraft:stone_hoe":1,"minecraft:cooked_beef":11,"minecraft:cooked_porkchop":4,"minecraft:diamond_axe":1,"minecraft:crafting_table":2,"minecraft:spruce_planks":228,"minecraft:wooden_pickaxe":1,"minecraft:iron_helmet":1,"minecraft:iron_sword":1,"minecraft:cooked_salmon":14,"minecraft:bucket":2,"minecraft:stone_axe":1,"minecraft:air":0,"minecraft:iron_chestplate":1,"minecraft:diamond_pickaxe":1,"minecraft:shield":1,"minecraft:stick":92,"minecraft:iron_ingot":92,"minecraft:iron_pickaxe":1,"minecraft:stone_sword":1,"minecraft:iron_leggings":1,"minecraft:gold_ingot":15,"minecraft:spruce_fence_gate":1,"minecraft:torch":52},"minecraft:picked_up":{"minecraft:crafting_table":4,"minecraft:coarse_dirt":2,"minecraft:chicken":2,"minecraft:clay_ball":24,"minecraft:moss_carpet":87,"minecraft:string":5,"minecraft:raw_copper":2,"minecraft:cobbled_deepslate":17,"minecraft:spruce_planks":184,"minecraft:beef":20,"minecraft:azalea":38,"minecraft:sugar_cane":10,"minecraft:chest":2,"minecraft:raw_copper_block":1,"minecraft:furnace":4,"minecraft:dark_oak_sapling":3,"minecraft:stick":17,"minecraft:raw_iron":127,"minecraft:spruce_fence":10,"minecraft:porkchop":12,"minecraft:diorite":13,"minecraft:carrot":6,"minecraft:rotten_flesh":11,"minecraft:arrow":21,"minecraft:glow_berries":66,"minecraft:mutton":9,"minecraft:white_wool":5,"minecraft:cobblestone":59,"minecraft:magma_block":4,"minecraft:feather":2,"minecraft:salmon":14,"minecraft:brown_wool":1,"minecraft:leather":13,"minecraft:potato":39,"minecraft:tuff":1,"minecraft:oak_log":16,"minecraft:gunpowder":3,"minecraft:blue_bed":5,"minecraft:lapis_lazuli":110,"minecraft:dirt":109,"minecraft:bone":14,"minecraft:apple":1,"minecraft:wheat_seeds":33,"minecraft:raw_gold":15,"minecraft:iron_ingot":35,"minecraft:moss_block":321,"minecraft:flowering_azalea":25,"minecraft:cooked_porkchop":8,"minecraft:sweet_berries":52,"minecraft:gravel":1,"minecraft:spruce_sapling":29,"minecraft:blast_furnace":5,"minecraft:spruce_log":323,"minecraft:dark_oak_log":176,"minecraft:spider_eye":2,"minecraft:spruce_fence_gate":1,"minecraft:diamond":21,"minecraft:granite":11,"minecraft:coal":335,"minecraft:ender_pearl":1},"minecraft:custom":{"minecraft:mob_kills":81,"minecraft:animals_bred":2,"minecraft:interact_with_crafting_table":22,"minecraft:leave_game":7,"minecraft:time_since_death":198629,"minecraft:climb_one_cm":835,"minecraft:sprint_one_cm":488997,"minecraft:walk_one_cm":429636,"minecraft:drop":11,"minecraft:play_time":198629,"minecraft:sneak_time":12253,"minecraft:walk_under_water_one_cm":26283,"minecraft:jump":4428,"minecraft:interact_with_blast_furnace":31,"minecraft:walk_on_water_one_cm":47590,"minecraft:total_world_time":198629,"minecraft:interact_with_furnace":28,"minecraft:sleep_in_bed":10,"minecraft:time_since_rest":16609,"minecraft:damage_taken":3183,"minecraft:damage_dealt":12030,"minecraft:swim_one_cm":37819,"minecraft:fly_one_cm":707392,"minecraft:open_chest":38,"minecraft:crouch_one_cm":30577,"minecraft:fall_one_cm":125421},"minecraft:used":{"minecraft:stone_sword":37,"minecraft:stone_shovel":16,"minecraft:chest":4,"minecraft:iron_sword":111,"minecraft:cooked_salmon":7,"minecraft:stone_hoe":12,"minecraft:torch":20,"minecraft:dirt":121,"minecraft:tuff":1,"minecraft:granite":8,"minecraft:spruce_fence":86,"minecraft:sweet_berries":27,"minecraft:furnace":4,"minecraft:cooked_beef":11,"minecraft:potato":13,"minecraft:cobbled_deepslate":13,"minecraft:iron_leggings":1,"minecraft:wheat_seeds":1,"minecraft:cooked_mutton":3,"minecraft:water_bucket":2,"minecraft:diorite":12,"minecraft:stone_pickaxe":127,"minecraft:wooden_pickaxe":20,"minecraft:spruce_fence_gate":2,"minecraft:blue_bed":5,"minecraft:diamond_axe":539,"minecraft:glow_berries":64,"minecraft:crafting_table":5,"minecraft:blast_furnace":5,"minecraft:spruce_log":5,"minecraft:bread":1,"minecraft:iron_pickaxe":262,"minecraft:spruce_sapling":24,"minecraft:gravel":1,"minecraft:stone_axe":109,"minecraft:cobblestone":46,"minecraft:cooked_porkchop":12,"minecraft:bucket":2,"minecraft:coarse_dirt":2},"minecraft:dropped":{"minecraft:wheat_seeds":20,"minecraft:granite":3,"minecraft:stick":2,"minecraft:diorite":1,"minecraft:stone_sword":1,"minecraft:rotten_flesh":5,"minecraft:arrow":3}},"DataVersion":3955}