{"stats":{"minecraft:picked_up":{"minecraft:crafting_table":1,"minecraft:brown_mushroom":1,"minecraft:porkchop":5,"minecraft:sand":2,"minecraft:spruce_log":8,"minecraft:dirt":10,"minecraft:wheat_seeds":1,"minecraft:spruce_planks":28,"minecraft:sugar_cane":23,"minecraft:cobblestone":13},"minecraft:used":{"minecraft:stone_sword":12,"minecraft:wooden_pickaxe":21,"minecraft:brown_mushroom":1,"minecraft:stone_axe":1,"minecraft:dirt":10,"minecraft:sand":2,"minecraft:crafting_table":1,"minecraft:porkchop":4},"minecraft:killed":{"minecraft:pig":3},"minecraft:crafted":{"minecraft:crafting_table":1,"minecraft:spruce_planks":32,"minecraft:stick":8,"minecraft:wooden_pickaxe":1,"minecraft:stone_pickaxe":1,"minecraft:stone_sword":1,"minecraft:stone_axe":1},"minecraft:custom":{"minecraft:time_since_rest":10017,"minecraft:sprint_one_cm":30259,"minecraft:damage_taken":325,"minecraft:walk_one_cm":27620,"minecraft:mob_kills":3,"minecraft:drop":5,"minecraft:damage_dealt":442,"minecraft:swim_one_cm":1107,"minecraft:interact_with_crafting_table":2,"minecraft:fly_one_cm":82078,"minecraft:player_kills":1,"minecraft:crouch_one_cm":165,"minecraft:play_time":24608,"minecraft:deaths":1,"minecraft:sneak_time":87,"minecraft:walk_under_water_one_cm":1498,"minecraft:jump":592,"minecraft:leave_game":4,"minecraft:time_since_death":9983,"minecraft:walk_on_water_one_cm":3613,"minecraft:total_world_time":24608,"minecraft:fall_one_cm":20016},"minecraft:mined":{"minecraft:large_fern":5,"minecraft:brown_mushroom":1,"minecraft:spruce_log":8,"minecraft:crafting_table":1,"minecraft:short_grass":2,"minecraft:grass_block":6,"minecraft:sand":2,"minecraft:dirt":4,"minecraft:spruce_leaves":6,"minecraft:stone":13,"minecraft:fern":3},"minecraft:dropped":{"minecraft:sugar_cane":23,"minecraft:spruce_planks":25,"minecraft:cobblestone":5,"minecraft:wooden_pickaxe":1,"minecraft:stick":1}},"DataVersion":4082}