{"stats":{"minecraft:mined":{"minecraft:tuff":1,"minecraft:dark_oak_leaves":5,"minecraft:deepslate_diamond_ore":21,"minecraft:dark_oak_log":144,"minecraft:cave_vines_plant":38,"minecraft:granite":8,"minecraft:grass_block":20,"minecraft:spruce_fence":8,"minecraft:spruce_leaves":87,"minecraft:moss_block":313,"minecraft:large_fern":25,"minecraft:tall_seagrass":1,"minecraft:spore_blossom":1,"minecraft:magma_block":4,"minecraft:spruce_sapling":1,"minecraft:furnace":4,"minecraft:carrots":6,"minecraft:iron_ore":88,"minecraft:moss_carpet":12,"minecraft:deepslate_lapis_ore":7,"minecraft:potatoes":38,"minecraft:cave_vines":76,"minecraft:deepslate_iron_ore":40,"minecraft:azalea":16,"minecraft:stone":33,"minecraft:flowering_azalea":16,"minecraft:crafting_table":4,"minecraft:clay":6,"minecraft:short_grass":43,"minecraft:blast_furnace":5,"minecraft:chest":2,"minecraft:tall_grass":12,"minecraft:lapis_ore":11,"minecraft:deepslate_gold_ore":14,"minecraft:sugar_cane":3,"minecraft:diorite":14,"minecraft:blue_bed":5,"minecraft:coarse_dirt":1,"minecraft:wheat":9,"minecraft:sweet_berry_bush":21,"minecraft:spruce_log":327,"minecraft:oak_log":16,"minecraft:coal_ore":101,"minecraft:gravel":1,"minecraft:dirt":37,"minecraft:raw_copper_block":1,"minecraft:spruce_fence_gate":1,"minecraft:small_dripleaf":1,"minecraft:gold_ore":1,"minecraft:oak_leaves":3,"minecraft:deepslate":14,"minecraft:fern":5},"minecraft:broken":{"minecraft:stone_pickaxe":1,"minecraft:stone_axe":1},"minecraft:killed":{"minecraft:spider":7,"minecraft:skeleton":16,"minecraft:chicken":2,"minecraft:drowned":1,"minecraft:pig":6,"minecraft:salmon":14,"minecraft:creeper":3,"minecraft:sheep":6,"minecraft:zombie":13,"minecraft:cow":7},"minecraft:crafted":{"minecraft:stone_shovel":1,"minecraft:spruce_fence":87,"minecraft:cooked_mutton":3,"minecraft:iron_boots":1,"minecraft:stone_pickaxe":1,"minecraft:chest":2,"minecraft:stone_hoe":1,"minecraft:cooked_beef":11,"minecraft:cooked_porkchop":4,"minecraft:diamond_axe":1,"minecraft:crafting_table":2,"minecraft:spruce_planks":228,"minecraft:wooden_pickaxe":1,"minecraft:iron_helmet":1,"minecraft:iron_sword":1,"minecraft:cooked_salmon":14,"minecraft:bucket":2,"minecraft:stone_axe":1,"minecraft:air":0,"minecraft:iron_chestplate":1,"minecraft:diamond_pickaxe":1,"minecraft:shield":1,"minecraft:stick":92,"minecraft:iron_ingot":92,"minecraft:iron_pickaxe":1,"minecraft:stone_sword":1,"minecraft:gold_ingot":15,"minecraft:iron_leggings":1,"minecraft:spruce_fence_gate":1,"minecraft:torch":52},"minecraft:picked_up":{"minecraft:crafting_table":4,"minecraft:coarse_dirt":2,"minecraft:chicken":2,"minecraft:clay_ball":24,"minecraft:raw_copper":2,"minecraft:string":5,"minecraft:moss_carpet":87,"minecraft:cobbled_deepslate":17,"minecraft:spruce_planks":184,"minecraft:beef":20,"minecraft:azalea":36,"minecraft:sugar_cane":10,"minecraft:chest":2,"minecraft:raw_copper_block":1,"minecraft:furnace":4,"minecraft:dark_oak_sapling":1,"minecraft:raw_iron":127,"minecraft:stick":16,"minecraft:spruce_fence":10,"minecraft:porkchop":12,"minecraft:diorite":13,"minecraft:carrot":6,"minecraft:arrow":20,"minecraft:rotten_flesh":11,"minecraft:glow_berries":49,"minecraft:mutton":9,"minecraft:white_wool":5,"minecraft:cobblestone":55,"minecraft:magma_block":4,"minecraft:feather":2,"minecraft:salmon":14,"minecraft:brown_wool":1,"minecraft:leather":13,"minecraft:potato":39,"minecraft:tuff":1,"minecraft:oak_log":16,"minecraft:gunpowder":3,"minecraft:blue_bed":5,"minecraft:lapis_lazuli":110,"minecraft:dirt":98,"minecraft:bone":14,"minecraft:wheat_seeds":32,"minecraft:raw_gold":15,"minecraft:iron_ingot":35,"minecraft:moss_block":320,"minecraft:flowering_azalea":25,"minecraft:cooked_porkchop":8,"minecraft:sweet_berries":46,"minecraft:gravel":1,"minecraft:spruce_sapling":29,"minecraft:blast_furnace":5,"minecraft:spruce_log":323,"minecraft:dark_oak_log":144,"minecraft:spider_eye":2,"minecraft:spruce_fence_gate":1,"minecraft:diamond":21,"minecraft:granite":11,"minecraft:coal":329,"minecraft:ender_pearl":1},"minecraft:custom":{"minecraft:mob_kills":80,"minecraft:animals_bred":1,"minecraft:interact_with_crafting_table":22,"minecraft:leave_game":5,"minecraft:time_since_death":177136,"minecraft:climb_one_cm":591,"minecraft:sprint_one_cm":446956,"minecraft:walk_one_cm":404515,"minecraft:drop":11,"minecraft:play_time":177136,"minecraft:sneak_time":10197,"minecraft:walk_under_water_one_cm":24704,"minecraft:jump":3926,"minecraft:interact_with_blast_furnace":31,"minecraft:walk_on_water_one_cm":37798,"minecraft:total_world_time":177136,"minecraft:interact_with_furnace":28,"minecraft:sleep_in_bed":9,"minecraft:time_since_rest":20040,"minecraft:damage_taken":2944,"minecraft:damage_dealt":11605,"minecraft:fly_one_cm":638536,"minecraft:swim_one_cm":32506,"minecraft:open_chest":35,"minecraft:crouch_one_cm":24373,"minecraft:fall_one_cm":108612},"minecraft:used":{"minecraft:stone_sword":37,"minecraft:stone_shovel":16,"minecraft:chest":4,"minecraft:iron_sword":111,"minecraft:cooked_salmon":5,"minecraft:stone_hoe":12,"minecraft:torch":20,"minecraft:dirt":121,"minecraft:tuff":1,"minecraft:granite":8,"minecraft:spruce_fence":86,"minecraft:sweet_berries":27,"minecraft:furnace":4,"minecraft:cooked_beef":11,"minecraft:potato":13,"minecraft:cobbled_deepslate":13,"minecraft:iron_leggings":1,"minecraft:wheat_seeds":1,"minecraft:cooked_mutton":3,"minecraft:water_bucket":2,"minecraft:diorite":12,"minecraft:stone_pickaxe":127,"minecraft:wooden_pickaxe":20,"minecraft:spruce_fence_gate":2,"minecraft:blue_bed":5,"minecraft:diamond_axe":502,"minecraft:glow_berries":49,"minecraft:crafting_table":5,"minecraft:blast_furnace":5,"minecraft:spruce_log":5,"minecraft:bread":1,"minecraft:iron_pickaxe":252,"minecraft:spruce_sapling":24,"minecraft:gravel":1,"minecraft:stone_axe":109,"minecraft:cobblestone":46,"minecraft:cooked_porkchop":12,"minecraft:bucket":2,"minecraft:coarse_dirt":2},"minecraft:dropped":{"minecraft:wheat_seeds":20,"minecraft:granite":3,"minecraft:stick":2,"minecraft:diorite":1,"minecraft:stone_sword":1,"minecraft:rotten_flesh":5,"minecraft:arrow":3}},"DataVersion":3955}