{"stats":{"minecraft:mined":{"minecraft:tuff":1,"minecraft:deepslate_diamond_ore":21,"minecraft:cave_vines_plant":38,"minecraft:granite":8,"minecraft:spruce_fence":8,"minecraft:grass_block":20,"minecraft:spruce_leaves":56,"minecraft:moss_block":313,"minecraft:large_fern":24,"minecraft:spore_blossom":1,"minecraft:magma_block":4,"minecraft:furnace":4,"minecraft:carrots":6,"minecraft:iron_ore":88,"minecraft:moss_carpet":12,"minecraft:deepslate_lapis_ore":7,"minecraft:potatoes":38,"minecraft:cave_vines":76,"minecraft:deepslate_iron_ore":40,"minecraft:azalea":16,"minecraft:stone":33,"minecraft:flowering_azalea":16,"minecraft:clay":6,"minecraft:crafting_table":4,"minecraft:short_grass":43,"minecraft:blast_furnace":5,"minecraft:chest":2,"minecraft:tall_grass":12,"minecraft:lapis_ore":11,"minecraft:deepslate_gold_ore":14,"minecraft:sugar_cane":2,"minecraft:diorite":14,"minecraft:blue_bed":5,"minecraft:coarse_dirt":1,"minecraft:sweet_berry_bush":21,"minecraft:wheat":9,"minecraft:spruce_log":90,"minecraft:coal_ore":101,"minecraft:gravel":1,"minecraft:dirt":36,"minecraft:raw_copper_block":1,"minecraft:spruce_fence_gate":1,"minecraft:small_dripleaf":1,"minecraft:gold_ore":1,"minecraft:deepslate":14,"minecraft:fern":4},"minecraft:broken":{"minecraft:stone_pickaxe":1,"minecraft:stone_axe":1},"minecraft:killed":{"minecraft:spider":7,"minecraft:skeleton":15,"minecraft:chicken":2,"minecraft:pig":6,"minecraft:creeper":2,"minecraft:sheep":2,"minecraft:zombie":12,"minecraft:cow":7},"minecraft:crafted":{"minecraft:stone_shovel":1,"minecraft:spruce_fence":87,"minecraft:cooked_mutton":3,"minecraft:iron_boots":1,"minecraft:stone_pickaxe":1,"minecraft:chest":2,"minecraft:stone_hoe":1,"minecraft:cooked_beef":11,"minecraft:cooked_porkchop":4,"minecraft:diamond_axe":1,"minecraft:crafting_table":2,"minecraft:spruce_planks":228,"minecraft:wooden_pickaxe":1,"minecraft:iron_helmet":1,"minecraft:iron_sword":1,"minecraft:bucket":2,"minecraft:stone_axe":1,"minecraft:air":0,"minecraft:iron_chestplate":1,"minecraft:diamond_pickaxe":1,"minecraft:stick":92,"minecraft:iron_ingot":92,"minecraft:iron_pickaxe":1,"minecraft:stone_sword":1,"minecraft:iron_leggings":1,"minecraft:spruce_fence_gate":1,"minecraft:torch":52},"minecraft:picked_up":{"minecraft:crafting_table":4,"minecraft:coarse_dirt":2,"minecraft:chicken":2,"minecraft:clay_ball":24,"minecraft:string":5,"minecraft:moss_carpet":87,"minecraft:raw_copper":2,"minecraft:cobbled_deepslate":17,"minecraft:spruce_planks":184,"minecraft:beef":20,"minecraft:azalea":36,"minecraft:sugar_cane":7,"minecraft:chest":2,"minecraft:raw_copper_block":1,"minecraft:furnace":4,"minecraft:stick":11,"minecraft:raw_iron":127,"minecraft:spruce_fence":10,"minecraft:porkchop":12,"minecraft:diorite":13,"minecraft:carrot":6,"minecraft:arrow":18,"minecraft:rotten_flesh":8,"minecraft:glow_berries":49,"minecraft:mutton":3,"minecraft:white_wool":2,"minecraft:cobblestone":55,"minecraft:magma_block":4,"minecraft:feather":2,"minecraft:leather":13,"minecraft:potato":39,"minecraft:tuff":1,"minecraft:gunpowder":2,"minecraft:dirt":76,"minecraft:lapis_lazuli":110,"minecraft:blue_bed":5,"minecraft:bone":14,"minecraft:wheat_seeds":32,"minecraft:raw_gold":15,"minecraft:iron_ingot":35,"minecraft:moss_block":320,"minecraft:flowering_azalea":25,"minecraft:cooked_porkchop":8,"minecraft:sweet_berries":46,"minecraft:gravel":1,"minecraft:spruce_sapling":16,"minecraft:blast_furnace":5,"minecraft:spruce_log":89,"minecraft:spider_eye":2,"minecraft:spruce_fence_gate":1,"minecraft:diamond":21,"minecraft:granite":11,"minecraft:coal":329,"minecraft:ender_pearl":1},"minecraft:custom":{"minecraft:mob_kills":58,"minecraft:animals_bred":1,"minecraft:interact_with_crafting_table":18,"minecraft:leave_game":3,"minecraft:time_since_death":140819,"minecraft:climb_one_cm":591,"minecraft:sprint_one_cm":367490,"minecraft:walk_one_cm":326347,"minecraft:drop":11,"minecraft:play_time":140819,"minecraft:sneak_time":6669,"minecraft:walk_under_water_one_cm":9061,"minecraft:jump":3318,"minecraft:interact_with_blast_furnace":26,"minecraft:walk_on_water_one_cm":30649,"minecraft:total_world_time":140819,"minecraft:interact_with_furnace":21,"minecraft:sleep_in_bed":7,"minecraft:time_since_rest":13068,"minecraft:damage_taken":2758,"minecraft:damage_dealt":9914,"minecraft:fly_one_cm":550782,"minecraft:swim_one_cm":15106,"minecraft:open_chest":26,"minecraft:crouch_one_cm":17245,"minecraft:fall_one_cm":92961},"minecraft:used":{"minecraft:stone_sword":37,"minecraft:stone_shovel":16,"minecraft:chest":4,"minecraft:iron_sword":94,"minecraft:stone_hoe":12,"minecraft:torch":10,"minecraft:dirt":72,"minecraft:tuff":1,"minecraft:spruce_fence":86,"minecraft:granite":8,"minecraft:sweet_berries":26,"minecraft:furnace":4,"minecraft:potato":13,"minecraft:cooked_beef":11,"minecraft:cobbled_deepslate":13,"minecraft:iron_leggings":1,"minecraft:wheat_seeds":1,"minecraft:cooked_mutton":3,"minecraft:water_bucket":2,"minecraft:diorite":12,"minecraft:stone_pickaxe":127,"minecraft:wooden_pickaxe":20,"minecraft:diamond_axe":51,"minecraft:blue_bed":5,"minecraft:spruce_fence_gate":2,"minecraft:glow_berries":49,"minecraft:crafting_table":5,"minecraft:blast_furnace":5,"minecraft:spruce_log":3,"minecraft:bread":1,"minecraft:iron_pickaxe":252,"minecraft:spruce_sapling":7,"minecraft:gravel":1,"minecraft:stone_axe":109,"minecraft:cobblestone":46,"minecraft:cooked_porkchop":12,"minecraft:bucket":2,"minecraft:coarse_dirt":2},"minecraft:dropped":{"minecraft:wheat_seeds":20,"minecraft:granite":3,"minecraft:stick":2,"minecraft:diorite":1,"minecraft:stone_sword":1,"minecraft:rotten_flesh":5,"minecraft:arrow":3}},"DataVersion":3955}