{"stats":{"minecraft:mined":{"minecraft:crafting_table":2,"minecraft:short_grass":2,"minecraft:blast_furnace":2,"minecraft:grass_block":16,"minecraft:spruce_fence":6,"minecraft:chest":2,"minecraft:spruce_leaves":50,"minecraft:lapis_ore":3,"minecraft:sugar_cane":2,"minecraft:diorite":12,"minecraft:blue_bed":5,"minecraft:large_fern":22,"minecraft:furnace":4,"minecraft:carrots":6,"minecraft:iron_ore":2,"minecraft:wheat":9,"minecraft:sweet_berry_bush":4,"minecraft:spruce_log":60,"minecraft:potatoes":38,"minecraft:coal_ore":56,"minecraft:dirt":36,"minecraft:spruce_fence_gate":1,"minecraft:stone":12,"minecraft:fern":3},"minecraft:broken":{"minecraft:stone_axe":1},"minecraft:killed":{"minecraft:pig":6,"minecraft:spider":1,"minecraft:creeper":1,"minecraft:skeleton":1,"minecraft:sheep":2,"minecraft:chicken":2,"minecraft:cow":7},"minecraft:crafted":{"minecraft:cooked_beef":11,"minecraft:stone_shovel":1,"minecraft:cooked_porkchop":4,"minecraft:crafting_table":1,"minecraft:spruce_planks":204,"minecraft:wooden_pickaxe":1,"minecraft:spruce_fence":87,"minecraft:stone_axe":1,"minecraft:cooked_mutton":3,"minecraft:air":0,"minecraft:stick":68,"minecraft:stone_pickaxe":1,"minecraft:chest":2,"minecraft:spruce_fence_gate":1},"minecraft:picked_up":{"minecraft:crafting_table":2,"minecraft:feather":2,"minecraft:chicken":2,"minecraft:leather":13,"minecraft:potato":38,"minecraft:string":1,"minecraft:lapis_lazuli":20,"minecraft:blue_bed":5,"minecraft:dirt":65,"minecraft:bone":2,"minecraft:wheat_seeds":12,"minecraft:spruce_planks":184,"minecraft:beef":20,"minecraft:sugar_cane":7,"minecraft:chest":2,"minecraft:furnace":4,"minecraft:stick":3,"minecraft:raw_iron":2,"minecraft:cooked_porkchop":8,"minecraft:sweet_berries":9,"minecraft:spruce_fence":8,"minecraft:porkchop":12,"minecraft:spruce_sapling":9,"minecraft:carrot":6,"minecraft:blast_furnace":2,"minecraft:diorite":12,"minecraft:spruce_log":60,"minecraft:spider_eye":1,"minecraft:spruce_fence_gate":1,"minecraft:arrow":2,"minecraft:mutton":3,"minecraft:coal":216,"minecraft:white_wool":2,"minecraft:cobblestone":12},"minecraft:custom":{"minecraft:interact_with_furnace":19,"minecraft:mob_kills":21,"minecraft:interact_with_crafting_table":9,"minecraft:leave_game":3,"minecraft:time_since_death":72515,"minecraft:sleep_in_bed":6,"minecraft:time_since_rest":3195,"minecraft:sprint_one_cm":185307,"minecraft:damage_taken":939,"minecraft:walk_one_cm":122794,"minecraft:damage_dealt":2157,"minecraft:swim_one_cm":9765,"minecraft:fly_one_cm":332422,"minecraft:open_chest":7,"minecraft:crouch_one_cm":9668,"minecraft:play_time":72515,"minecraft:sneak_time":3751,"minecraft:walk_under_water_one_cm":4042,"minecraft:jump":1625,"minecraft:walk_on_water_one_cm":6386,"minecraft:total_world_time":72515,"minecraft:fall_one_cm":50907},"minecraft:used":{"minecraft:wheat_seeds":1,"minecraft:cooked_mutton":3,"minecraft:diorite":12,"minecraft:stone_shovel":16,"minecraft:stone_pickaxe":76,"minecraft:chest":4,"minecraft:wooden_pickaxe":20,"minecraft:spruce_fence_gate":2,"minecraft:blue_bed":5,"minecraft:dirt":65,"minecraft:crafting_table":3,"minecraft:spruce_fence":84,"minecraft:spruce_log":3,"minecraft:spruce_sapling":4,"minecraft:stone_axe":109,"minecraft:cobblestone":5,"minecraft:furnace":4,"minecraft:cooked_porkchop":4,"minecraft:cooked_beef":7}},"DataVersion":3955}