{"stats":{"minecraft:killed_by":{"minecraft:skeleton":3},"minecraft:dropped":{"minecraft:stone_sword":1,"spirit:broken_spawner":8,"minecraft:smooth_stone_slab":2,"minecraft:rotten_flesh":35,"minecraft:leather_helmet":3,"minecraft:stick":32,"minecraft:diamond_sword":1,"minecraft:leather_boots":4,"minecraft:iron_leggings":1,"minecraft:polished_andesite_stairs":2,"minecraft:arrow":1,"minecraft:dark_oak_planks":48,"ftbquests:book":1,"twigs:twig":1},"minecraft:mined":{"minecraft:flowering_azalea":2,"twigs:azalea_flowers":1,"minecraft:soul_lantern":1,"minecraft:brewing_stand":1,"minecraft:crafting_table":2,"minecraft:torch":2,"minecraft:cave_vines_plant":5,"minecraft:blast_furnace":1,"twigs:twig":2,"minecraft:tall_grass":1,"minecraft:cobblestone":5,"minecraft:wall_torch":7,"byg:lush_grass_block":330,"minecraft:spawner":5,"minecraft:skeleton_skull":4,"minecraft:coarse_dirt":1,"byg:lush_dirt":58,"minecraft:cobbled_deepslate":1,"minecraft:andesite":2,"minecraft:cave_vines":5,"minecraft:smooth_stone_slab":1,"minecraft:grass":17,"minecraft:skeleton_wall_skull":2,"minecraft:oak_log":3,"minecraft:vine":1,"minecraft:zombie_head":1,"byg:rose":1,"minecraft:azalea_leaves":1,"minecraft:stone":15,"minecraft:oak_leaves":1,"minecraft:fern":1,"byg:tall_prairie_grass":2},"minecraft:custom":{"minecraft:interact_with_furnace":1,"minecraft:mob_kills":57,"minecraft:interact_with_crafting_table":12,"minecraft:leave_game":3,"minecraft:time_since_death":78240,"minecraft:sleep_in_bed":1,"minecraft:climb_one_cm":2220,"minecraft:time_since_rest":68417,"minecraft:sprint_one_cm":260792,"minecraft:damage_absorbed":120,"minecraft:damage_taken":2655,"minecraft:walk_one_cm":356397,"minecraft:drop":20,"minecraft:damage_dealt":10540,"twilightforest:life_charms_activated":1,"minecraft:swim_one_cm":24423,"minecraft:talked_to_villager":1,"minecraft:fly_one_cm":355831,"minecraft:open_chest":50,"minecraft:play_time":116657,"minecraft:crouch_one_cm":6494,"minecraft:deaths":3,"minecraft:sneak_time":1842,"minecraft:walk_under_water_one_cm":4811,"minecraft:jump":2172,"minecraft:interact_with_blast_furnace":1,"minecraft:walk_on_water_one_cm":12712,"minecraft:total_world_time":116657,"minecraft:fall_one_cm":55050},"minecraft:picked_up":{"minecraft:crafting_table":1,"byg:lush_dirt":388,"minecraft:leather":8,"minecraft:tuff":1,"minecraft:oak_log":3,"minecraft:brewing_stand":1,"byg:white_anemone":1,"spirit:broken_spawner":9,"minecraft:smooth_stone_slab":5,"minecraft:leather_boots":3,"minecraft:bone":26,"minecraft:zombie_head":1,"minecraft:wheat_seeds":12,"minecraft:cobbled_deepslate":11,"ftbquests:book":1,"minecraft:beef":9,"minecraft:glass_bottle":2,"minecraft:flowering_azalea":1,"twigs:twig":4,"minecraft:iron_sword":1,"minecraft:oak_planks":8,"minecraft:egg":1,"byg:rose":5,"minecraft:polished_andesite_stairs":3,"minecraft:stick":64,"naturalist:duck":1,"minecraft:torch":13,"byg:fairy_slipper":5,"twigs:azalea_flowers":1,"minecraft:blast_furnace":1,"minecraft:stone_axe":1,"minecraft:leather_helmet":1,"minecraft:dark_oak_planks":112,"minecraft:stone_sword":1,"minecraft:arrow":21,"minecraft:rotten_flesh":36,"byg:pink_anemone":1,"minecraft:soul_lantern":1,"minecraft:bread":13,"minecraft:glow_berries":13,"minecraft:oak_sapling":1,"minecraft:skeleton_skull":6,"minecraft:cobblestone":20},"minecraft:broken":{"minecraft:iron_shovel":1,"minecraft:stone_sword":1},"minecraft:killed":{"meadow:inky_sheep":4,"minecraft:witch":1,"meadow:patched_sheep":2,"naturalist:duck":1,"minecraft:skeleton":12,"minecraft:zombie":32,"meadow:pinto_cow":4,"adventurez:orc":1},"minecraft:crafted":{"minecraft:oak_planks":12,"minecraft:crafting_table":2,"charm:dark_oak_chest":2,"minecraft:wooden_pickaxe":1,"minecraft:stone_axe":1,"minecraft:stick":8,"minecraft:stone_pickaxe":1,"minecraft:stone_sword":1,"minecraft:iron_shovel":1,"minecraft:iron_leggings":1},"minecraft:used":{"minecraft:stone_sword":209,"minecraft:iron_shovel":382,"minecraft:stone_pickaxe":36,"minecraft:wooden_pickaxe":8,"minecraft:iron_sword":29,"minecraft:rotten_flesh":1,"charm:dark_oak_chest":2,"minecraft:glow_berries":13,"minecraft:torch":14,"minecraft:golden_apple":3,"minecraft:crafting_table":3,"minecraft:blast_furnace":1,"spirit:broken_spawner":1,"byg:lush_dirt":99,"minecraft:apple":4,"minecraft:bread":19,"naturalist:duck":1,"minecraft:stone_axe":2,"minecraft:cobblestone":8,"minecraft:beef":9,"minecraft:oak_sapling":1,"minecraft:egg":1,"minecraft:skeleton_skull":2,"minecraft:cobbled_deepslate":5,"twigs:azalea_flowers":1}},"DataVersion":3120}