{"stats":{"minecraft:mined":{"minecraft:diamond_ore":1,"minecraft:tuff":5,"minecraft:dark_oak_leaves":6,"minecraft:deepslate_diamond_ore":59,"minecraft:dark_oak_log":175,"minecraft:brewing_stand":1,"minecraft:obsidian":14,"minecraft:cave_vines_plant":56,"minecraft:glow_lichen":2,"minecraft:granite":12,"minecraft:grass_block":25,"minecraft:spruce_fence":8,"minecraft:cracked_polished_blackstone_bricks":1,"minecraft:spruce_leaves":87,"minecraft:moss_block":315,"minecraft:composter":2,"minecraft:spawner":1,"minecraft:large_fern":25,"minecraft:hay_block":22,"minecraft:polished_blackstone_bricks":1,"minecraft:spore_blossom":1,"minecraft:tall_seagrass":1,"minecraft:magma_block":4,"minecraft:spruce_sapling":1,"minecraft:furnace":4,"minecraft:carrots":6,"minecraft:iron_ore":96,"minecraft:andesite":9,"minecraft:moss_carpet":12,"minecraft:deepslate_lapis_ore":27,"minecraft:potatoes":43,"minecraft:cave_vines":89,"minecraft:deepslate_iron_ore":79,"minecraft:vine":1,"minecraft:stripped_oak_log":4,"minecraft:azalea":18,"minecraft:stone":52,"minecraft:flowering_azalea":16,"minecraft:melon_stem":1,"minecraft:clay":6,"minecraft:crafting_table":4,"minecraft:short_grass":58,"minecraft:blast_furnace":5,"minecraft:melon":4,"minecraft:chest":3,"minecraft:dead_bush":1,"minecraft:nether_quartz_ore":10,"minecraft:copper_ore":1,"minecraft:tall_grass":22,"minecraft:cobblestone":1,"minecraft:deepslate_coal_ore":7,"minecraft:lapis_ore":16,"minecraft:deepslate_gold_ore":16,"minecraft:sugar_cane":9,"minecraft:diorite":15,"minecraft:blue_bed":5,"minecraft:coarse_dirt":1,"minecraft:wheat":155,"minecraft:sweet_berry_bush":24,"minecraft:spruce_log":327,"minecraft:oak_log":16,"minecraft:coal_ore":122,"minecraft:gravel":2,"minecraft:dirt":44,"minecraft:raw_copper_block":1,"minecraft:spruce_fence_gate":1,"minecraft:small_dripleaf":1,"minecraft:netherrack":158,"minecraft:gold_ore":1,"minecraft:oak_leaves":3,"minecraft:deepslate":54,"minecraft:fern":7},"minecraft:broken":{"minecraft:stone_pickaxe":1,"minecraft:stone_axe":1,"minecraft:iron_pickaxe":1},"minecraft:killed":{"minecraft:armadillo":1,"minecraft:cave_spider":2,"minecraft:spider":10,"minecraft:skeleton":37,"minecraft:chicken":4,"minecraft:drowned":1,"minecraft:piglin":1,"minecraft:pig":25,"minecraft:zombie_villager":1,"minecraft:salmon":14,"minecraft:creeper":3,"minecraft:sheep":33,"minecraft:zombie":34,"minecraft:cow":34},"minecraft:crafted":{"minecraft:stone_shovel":1,"minecraft:cooked_chicken":2,"minecraft:furnace":1,"minecraft:spruce_fence":87,"minecraft:cooked_mutton":3,"minecraft:flint_and_steel":1,"minecraft:iron_boots":1,"minecraft:stone_pickaxe":1,"minecraft:chest":4,"minecraft:stone_hoe":1,"minecraft:smoker":1,"minecraft:cooked_beef":66,"minecraft:cooked_porkchop":4,"minecraft:diamond_axe":1,"minecraft:crafting_table":2,"minecraft:spruce_planks":228,"minecraft:iron_helmet":1,"minecraft:wooden_pickaxe":1,"minecraft:iron_sword":1,"minecraft:cooked_salmon":14,"minecraft:bucket":2,"minecraft:stone_axe":1,"minecraft:air":0,"minecraft:iron_chestplate":1,"minecraft:diamond_pickaxe":1,"minecraft:shield":1,"minecraft:stick":92,"minecraft:iron_ingot":99,"minecraft:iron_pickaxe":1,"minecraft:stone_sword":1,"minecraft:iron_leggings":1,"minecraft:gold_ingot":15,"minecraft:spruce_fence_gate":1,"minecraft:torch":52},"minecraft:picked_up":{"minecraft:crafting_table":4,"minecraft:coarse_dirt":2,"minecraft:wheat":127,"minecraft:chicken":4,"minecraft:clay_ball":24,"minecraft:pink_wool":1,"minecraft:brewing_stand":1,"minecraft:string":8,"minecraft:moss_carpet":87,"minecraft:raw_copper":6,"minecraft:cobbled_deepslate":70,"minecraft:spruce_planks":184,"minecraft:beef":75,"minecraft:azalea":38,"minecraft:melon_slice":20,"minecraft:sugar_cane":25,"minecraft:chest":3,"minecraft:furnace":4,"minecraft:raw_copper_block":1,"minecraft:dark_oak_sapling":3,"minecraft:stick":19,"minecraft:raw_iron":174,"minecraft:composter":2,"minecraft:torch":56,"minecraft:spruce_fence":10,"minecraft:porkchop":44,"minecraft:diorite":13,"minecraft:carrot":7,"minecraft:rotten_flesh":22,"minecraft:arrow":40,"minecraft:hay_block":22,"minecraft:obsidian":14,"minecraft:glow_berries":66,"minecraft:mutton":50,"minecraft:cobblestone":75,"minecraft:snowball":8,"minecraft:white_wool":25,"minecraft:stripped_oak_log":4,"minecraft:magma_block":4,"minecraft:feather":4,"minecraft:salmon":14,"minecraft:brown_wool":1,"minecraft:leather":42,"minecraft:potato":59,"minecraft:flint":1,"minecraft:tuff":14,"minecraft:oak_log":16,"minecraft:gunpowder":4,"minecraft:lapis_lazuli":266,"minecraft:dirt":132,"minecraft:blue_bed":5,"minecraft:bone":30,"minecraft:apple":1,"minecraft:bow":1,"minecraft:wheat_seeds":384,"minecraft:raw_gold":20,"minecraft:iron_ingot":35,"minecraft:moss_block":321,"minecraft:flowering_azalea":25,"minecraft:cooked_porkchop":8,"minecraft:sweet_berries":55,"minecraft:quartz":10,"minecraft:gravel":1,"minecraft:spruce_sapling":29,"minecraft:blast_furnace":5,"minecraft:spruce_log":324,"minecraft:dark_oak_log":176,"minecraft:spider_eye":2,"minecraft:spruce_fence_gate":1,"minecraft:diamond":60,"minecraft:granite":12,"minecraft:gray_wool":2,"minecraft:netherrack":154,"minecraft:melon_seeds":1,"minecraft:black_wool":2,"minecraft:coal":358,"minecraft:ender_pearl":1},"minecraft:custom":{"minecraft:mob_kills":205,"minecraft:animals_bred":2,"minecraft:interact_with_crafting_table":24,"minecraft:leave_game":10,"minecraft:time_since_death":303785,"minecraft:climb_one_cm":1143,"minecraft:sprint_one_cm":789158,"minecraft:walk_one_cm":648326,"minecraft:damage_blocked_by_shield":1002,"minecraft:drop":19,"minecraft:play_time":303785,"minecraft:sneak_time":17050,"minecraft:walk_under_water_one_cm":37033,"minecraft:jump":7360,"minecraft:interact_with_blast_furnace":38,"minecraft:walk_on_water_one_cm":80445,"minecraft:total_world_time":303785,"minecraft:interact_with_furnace":34,"minecraft:sleep_in_bed":15,"minecraft:time_since_rest":8859,"minecraft:damage_taken":5953,"minecraft:damage_dealt":28871,"minecraft:swim_one_cm":68561,"minecraft:fly_one_cm":1252229,"minecraft:open_chest":71,"minecraft:crouch_one_cm":44680,"minecraft:interact_with_smoker":3,"minecraft:fall_one_cm":230956},"minecraft:used":{"minecraft:stone_sword":37,"minecraft:flint_and_steel":1,"minecraft:stone_shovel":16,"minecraft:chest":7,"minecraft:shield":30,"minecraft:iron_sword":111,"minecraft:cooked_salmon":14,"minecraft:cooked_chicken":2,"minecraft:stone_hoe":12,"minecraft:netherrack":121,"minecraft:torch":99,"minecraft:dirt":143,"minecraft:tuff":5,"minecraft:granite":9,"minecraft:spruce_fence":86,"minecraft:obsidian":10,"minecraft:sweet_berries":35,"minecraft:furnace":4,"minecraft:cooked_beef":38,"minecraft:potato":18,"minecraft:cobbled_deepslate":13,"minecraft:iron_leggings":1,"minecraft:wheat_seeds":145,"minecraft:cooked_mutton":3,"minecraft:water_bucket":6,"minecraft:diorite":12,"minecraft:stone_pickaxe":127,"minecraft:wooden_pickaxe":20,"minecraft:spruce_fence_gate":2,"minecraft:sugar_cane":8,"minecraft:blue_bed":5,"minecraft:diamond_axe":806,"minecraft:glow_berries":66,"minecraft:crafting_table":5,"minecraft:blast_furnace":5,"minecraft:spruce_log":6,"minecraft:smoker":1,"minecraft:oak_log":4,"minecraft:diamond_pickaxe":397,"minecraft:bread":2,"minecraft:iron_pickaxe":262,"minecraft:spruce_sapling":24,"minecraft:gravel":1,"minecraft:stone_axe":109,"minecraft:cobblestone":54,"minecraft:cooked_porkchop":12,"minecraft:bucket":7,"minecraft:coarse_dirt":2},"minecraft:dropped":{"minecraft:iron_ingot":32,"minecraft:moss_block":1,"minecraft:wheat_seeds":148,"minecraft:granite":3,"minecraft:coal":1,"minecraft:stick":2,"minecraft:diorite":1,"minecraft:stone_sword":1,"minecraft:rotten_flesh":11,"minecraft:gunpowder":1,"minecraft:azalea":2,"minecraft:arrow":3}},"DataVersion":3955}