{"stats":{"minecraft:picked_up":{"minecraft:crafting_table":1,"minecraft:feather":1,"minecraft:chicken":1,"minecraft:composter":1,"minecraft:leather":2,"minecraft:brown_mushroom":1,"minecraft:potato":3,"minecraft:porkchop":11,"minecraft:sand":2,"minecraft:carrot":7,"minecraft:white_bed":1,"minecraft:spruce_log":8,"minecraft:cauldron":3,"minecraft:string":1,"minecraft:dirt":10,"minecraft:wheat_seeds":18,"minecraft:bell":1,"minecraft:spruce_planks":28,"minecraft:beef":3,"minecraft:sugar_cane":25,"minecraft:cobblestone":13},"minecraft:used":{"minecraft:stone_sword":26,"minecraft:stone_pickaxe":6,"minecraft:string":1,"minecraft:leather_chestplate":1,"minecraft:wooden_pickaxe":21,"minecraft:brown_mushroom":1,"minecraft:stone_axe":2,"minecraft:dirt":10,"minecraft:sand":2,"minecraft:crafting_table":1,"minecraft:porkchop":5,"minecraft:carrot":6},"minecraft:killed":{"minecraft:pig":6,"minecraft:chicken":1,"minecraft:cow":1},"minecraft:crafted":{"minecraft:crafting_table":1,"minecraft:spruce_planks":32,"minecraft:stick":8,"minecraft:wooden_pickaxe":1,"minecraft:stone_pickaxe":1,"minecraft:stone_sword":1,"minecraft:stone_axe":1},"minecraft:custom":{"minecraft:time_since_rest":16527,"minecraft:sprint_one_cm":52090,"minecraft:damage_taken":385,"minecraft:walk_one_cm":46633,"minecraft:mob_kills":9,"minecraft:drop":6,"minecraft:damage_dealt":1057,"minecraft:swim_one_cm":1284,"minecraft:interact_with_crafting_table":2,"minecraft:fly_one_cm":122891,"minecraft:player_kills":1,"minecraft:open_chest":3,"minecraft:crouch_one_cm":461,"minecraft:play_time":31118,"minecraft:deaths":1,"minecraft:sneak_time":183,"minecraft:walk_under_water_one_cm":1523,"minecraft:jump":800,"minecraft:leave_game":5,"minecraft:time_since_death":16493,"minecraft:walk_on_water_one_cm":3760,"minecraft:total_world_time":31118,"minecraft:fall_one_cm":26160},"minecraft:mined":{"minecraft:large_fern":5,"minecraft:white_bed":1,"minecraft:brown_mushroom":1,"minecraft:carrots":7,"minecraft:wheat":17,"minecraft:spruce_log":8,"minecraft:crafting_table":1,"minecraft:bell":1,"minecraft:short_grass":4,"minecraft:potatoes":3,"minecraft:grass_block":6,"minecraft:water_cauldron":3,"minecraft:sand":2,"minecraft:dirt":4,"minecraft:cobweb":1,"minecraft:spruce_leaves":6,"minecraft:stone":13,"minecraft:composter":1,"minecraft:sugar_cane":1,"minecraft:fern":3},"minecraft:dropped":{"minecraft:leather_chestplate":1,"minecraft:sugar_cane":23,"minecraft:spruce_planks":25,"minecraft:cobblestone":5,"minecraft:wooden_pickaxe":1,"minecraft:stick":1}},"DataVersion":4082}