{"stats":{"minecraft:mined":{"minecraft:tuff":1,"minecraft:deepslate_diamond_ore":19,"minecraft:cave_vines_plant":28,"minecraft:granite":8,"minecraft:spruce_fence":6,"minecraft:grass_block":16,"minecraft:spruce_leaves":50,"minecraft:moss_block":312,"minecraft:large_fern":22,"minecraft:spore_blossom":1,"minecraft:magma_block":4,"minecraft:furnace":4,"minecraft:carrots":6,"minecraft:iron_ore":72,"minecraft:moss_carpet":12,"minecraft:deepslate_lapis_ore":7,"minecraft:potatoes":38,"minecraft:cave_vines":40,"minecraft:deepslate_iron_ore":38,"minecraft:azalea":15,"minecraft:stone":30,"minecraft:flowering_azalea":16,"minecraft:clay":6,"minecraft:crafting_table":4,"minecraft:short_grass":42,"minecraft:blast_furnace":4,"minecraft:chest":2,"minecraft:tall_grass":12,"minecraft:lapis_ore":11,"minecraft:deepslate_gold_ore":5,"minecraft:sugar_cane":2,"minecraft:diorite":13,"minecraft:blue_bed":5,"minecraft:coarse_dirt":1,"minecraft:sweet_berry_bush":4,"minecraft:wheat":9,"minecraft:spruce_log":60,"minecraft:coal_ore":101,"minecraft:gravel":1,"minecraft:dirt":36,"minecraft:raw_copper_block":1,"minecraft:spruce_fence_gate":1,"minecraft:small_dripleaf":1,"minecraft:deepslate":14,"minecraft:fern":4},"minecraft:broken":{"minecraft:stone_pickaxe":1,"minecraft:stone_axe":1},"minecraft:killed":{"minecraft:spider":5,"minecraft:skeleton":14,"minecraft:chicken":2,"minecraft:pig":6,"minecraft:creeper":2,"minecraft:sheep":2,"minecraft:zombie":8,"minecraft:cow":7},"minecraft:crafted":{"minecraft:stone_shovel":1,"minecraft:spruce_fence":87,"minecraft:cooked_mutton":3,"minecraft:iron_boots":1,"minecraft:stone_pickaxe":1,"minecraft:chest":2,"minecraft:cooked_beef":11,"minecraft:cooked_porkchop":4,"minecraft:crafting_table":2,"minecraft:spruce_planks":228,"minecraft:wooden_pickaxe":1,"minecraft:iron_helmet":1,"minecraft:iron_sword":1,"minecraft:stone_axe":1,"minecraft:air":0,"minecraft:iron_chestplate":1,"minecraft:diamond_pickaxe":1,"minecraft:stick":88,"minecraft:iron_ingot":30,"minecraft:iron_pickaxe":1,"minecraft:stone_sword":1,"minecraft:iron_leggings":1,"minecraft:spruce_fence_gate":1,"minecraft:torch":52},"minecraft:picked_up":{"minecraft:crafting_table":4,"minecraft:coarse_dirt":2,"minecraft:chicken":2,"minecraft:clay_ball":24,"minecraft:string":4,"minecraft:moss_carpet":82,"minecraft:raw_copper":2,"minecraft:cobbled_deepslate":17,"minecraft:spruce_planks":184,"minecraft:beef":20,"minecraft:azalea":35,"minecraft:sugar_cane":7,"minecraft:chest":2,"minecraft:raw_copper_block":1,"minecraft:furnace":4,"minecraft:stick":3,"minecraft:raw_iron":109,"minecraft:spruce_fence":8,"minecraft:porkchop":12,"minecraft:diorite":13,"minecraft:carrot":6,"minecraft:arrow":16,"minecraft:rotten_flesh":5,"minecraft:glow_berries":28,"minecraft:mutton":3,"minecraft:white_wool":2,"minecraft:cobblestone":51,"minecraft:magma_block":4,"minecraft:feather":2,"minecraft:leather":13,"minecraft:potato":39,"minecraft:tuff":1,"minecraft:gunpowder":2,"minecraft:dirt":72,"minecraft:lapis_lazuli":110,"minecraft:blue_bed":5,"minecraft:bone":11,"minecraft:wheat_seeds":32,"minecraft:raw_gold":5,"minecraft:iron_ingot":35,"minecraft:moss_block":319,"minecraft:flowering_azalea":25,"minecraft:cooked_porkchop":8,"minecraft:sweet_berries":9,"minecraft:gravel":1,"minecraft:spruce_sapling":9,"minecraft:blast_furnace":4,"minecraft:spruce_log":60,"minecraft:spider_eye":1,"minecraft:spruce_fence_gate":1,"minecraft:diamond":19,"minecraft:granite":11,"minecraft:coal":329,"minecraft:ender_pearl":1},"minecraft:custom":{"minecraft:mob_kills":51,"minecraft:interact_with_crafting_table":15,"minecraft:leave_game":3,"minecraft:time_since_death":116819,"minecraft:climb_one_cm":215,"minecraft:sprint_one_cm":290611,"minecraft:walk_one_cm":240168,"minecraft:drop":11,"minecraft:play_time":116819,"minecraft:sneak_time":6163,"minecraft:walk_under_water_one_cm":8382,"minecraft:jump":2748,"minecraft:interact_with_blast_furnace":13,"minecraft:walk_on_water_one_cm":27369,"minecraft:total_world_time":116819,"minecraft:interact_with_furnace":19,"minecraft:sleep_in_bed":6,"minecraft:time_since_rest":47499,"minecraft:damage_taken":2321,"minecraft:damage_dealt":8510,"minecraft:fly_one_cm":473334,"minecraft:swim_one_cm":14254,"minecraft:open_chest":8,"minecraft:crouch_one_cm":15839,"minecraft:fall_one_cm":79708},"minecraft:used":{"minecraft:stone_sword":37,"minecraft:stone_shovel":16,"minecraft:chest":4,"minecraft:iron_sword":84,"minecraft:torch":10,"minecraft:dirt":72,"minecraft:tuff":1,"minecraft:spruce_fence":84,"minecraft:granite":8,"minecraft:furnace":4,"minecraft:cooked_beef":11,"minecraft:cobbled_deepslate":13,"minecraft:iron_leggings":1,"minecraft:wheat_seeds":1,"minecraft:cooked_mutton":3,"minecraft:diorite":12,"minecraft:stone_pickaxe":127,"minecraft:wooden_pickaxe":20,"minecraft:blue_bed":5,"minecraft:spruce_fence_gate":2,"minecraft:glow_berries":28,"minecraft:crafting_table":5,"minecraft:blast_furnace":2,"minecraft:spruce_log":3,"minecraft:iron_pickaxe":217,"minecraft:spruce_sapling":4,"minecraft:gravel":1,"minecraft:stone_axe":109,"minecraft:cobblestone":41,"minecraft:cooked_porkchop":12,"minecraft:coarse_dirt":2},"minecraft:dropped":{"minecraft:wheat_seeds":20,"minecraft:granite":3,"minecraft:stick":2,"minecraft:diorite":1,"minecraft:stone_sword":1,"minecraft:rotten_flesh":5,"minecraft:arrow":3}},"DataVersion":3955}