{"stats":{"minecraft:custom":{"minecraft:time_since_rest":4210,"minecraft:crouch_one_cm":65,"minecraft:play_time":4210,"minecraft:sprint_one_cm":2401,"minecraft:damage_taken":110,"minecraft:walk_one_cm":3118,"minecraft:sneak_time":14,"minecraft:jump":92,"minecraft:leave_game":1,"minecraft:walk_on_water_one_cm":339,"minecraft:time_since_death":4210,"minecraft:total_world_time":4210,"minecraft:climb_one_cm":931,"minecraft:fall_one_cm":3843,"minecraft:fly_one_cm":13290},"minecraft:used":{"minecraft:mud":2,"minecraft:dirt":3,"minecraft:mangrove_roots":4,"minecraft:muddy_mangrove_roots":1},"minecraft:picked_up":{"minecraft:mud":2,"minecraft:muddy_mangrove_roots":1,"minecraft:mangrove_roots":4,"minecraft:dirt":3},"minecraft:mined":{"minecraft:short_grass":1,"minecraft:grass_block":3,"minecraft:mud":2,"minecraft:mangrove_roots":4,"minecraft:mangrove_leaves":4,"minecraft:muddy_mangrove_roots":1}},"DataVersion":4082}