{"stats":{"minecraft:mined":{"minecraft:tuff":1,"minecraft:flowering_azalea":16,"minecraft:deepslate_diamond_ore":9,"minecraft:crafting_table":3,"minecraft:cave_vines_plant":21,"minecraft:granite":8,"minecraft:short_grass":38,"minecraft:blast_furnace":3,"minecraft:grass_block":16,"minecraft:spruce_fence":6,"minecraft:chest":2,"minecraft:tall_grass":9,"minecraft:spruce_leaves":50,"minecraft:lapis_ore":3,"minecraft:moss_block":312,"minecraft:sugar_cane":2,"minecraft:diorite":13,"minecraft:blue_bed":5,"minecraft:large_fern":22,"minecraft:spore_blossom":1,"minecraft:coarse_dirt":1,"minecraft:furnace":4,"minecraft:carrots":6,"minecraft:iron_ore":63,"minecraft:wheat":9,"minecraft:sweet_berry_bush":4,"minecraft:spruce_log":60,"minecraft:moss_carpet":12,"minecraft:deepslate_lapis_ore":5,"minecraft:potatoes":38,"minecraft:coal_ore":101,"minecraft:cave_vines":31,"minecraft:deepslate_iron_ore":5,"minecraft:gravel":1,"minecraft:dirt":36,"minecraft:azalea":14,"minecraft:raw_copper_block":1,"minecraft:spruce_fence_gate":1,"minecraft:stone":29,"minecraft:small_dripleaf":1,"minecraft:deepslate":2,"minecraft:fern":4},"minecraft:killed":{"minecraft:pig":6,"minecraft:spider":5,"minecraft:creeper":2,"minecraft:sheep":2,"minecraft:skeleton":9,"minecraft:zombie":6,"minecraft:chicken":2,"minecraft:cow":7},"minecraft:broken":{"minecraft:stone_pickaxe":1,"minecraft:stone_axe":1},"minecraft:crafted":{"minecraft:cooked_beef":11,"minecraft:stone_shovel":1,"minecraft:cooked_porkchop":4,"minecraft:crafting_table":2,"minecraft:spruce_planks":228,"minecraft:iron_helmet":1,"minecraft:wooden_pickaxe":1,"minecraft:iron_sword":1,"minecraft:stone_axe":1,"minecraft:spruce_fence":87,"minecraft:cooked_mutton":3,"minecraft:air":0,"minecraft:iron_boots":1,"minecraft:iron_chestplate":1,"minecraft:diamond_pickaxe":1,"minecraft:stick":88,"minecraft:iron_ingot":30,"minecraft:iron_pickaxe":1,"minecraft:stone_pickaxe":1,"minecraft:stone_sword":1,"minecraft:chest":2,"minecraft:iron_leggings":1,"minecraft:spruce_fence_gate":1,"minecraft:torch":52},"minecraft:picked_up":{"minecraft:coarse_dirt":2,"minecraft:crafting_table":3,"minecraft:feather":2,"minecraft:chicken":2,"minecraft:leather":13,"minecraft:potato":39,"minecraft:tuff":1,"minecraft:gunpowder":2,"minecraft:blue_bed":5,"minecraft:lapis_lazuli":48,"minecraft:dirt":72,"minecraft:string":4,"minecraft:moss_carpet":82,"minecraft:raw_copper":2,"minecraft:bone":11,"minecraft:wheat_seeds":30,"minecraft:cobbled_deepslate":5,"minecraft:spruce_planks":184,"minecraft:beef":20,"minecraft:flowering_azalea":25,"minecraft:azalea":35,"minecraft:moss_block":319,"minecraft:sugar_cane":7,"minecraft:chest":2,"minecraft:raw_copper_block":1,"minecraft:furnace":4,"minecraft:raw_iron":67,"minecraft:stick":3,"minecraft:cooked_porkchop":8,"minecraft:sweet_berries":9,"minecraft:gravel":1,"minecraft:spruce_fence":8,"minecraft:porkchop":12,"minecraft:spruce_sapling":9,"minecraft:carrot":6,"minecraft:blast_furnace":3,"minecraft:diorite":13,"minecraft:spruce_log":60,"minecraft:spider_eye":1,"minecraft:spruce_fence_gate":1,"minecraft:arrow":15,"minecraft:rotten_flesh":5,"minecraft:diamond":9,"minecraft:granite":11,"minecraft:glow_berries":20,"minecraft:mutton":3,"minecraft:coal":274,"minecraft:white_wool":2,"minecraft:cobblestone":50,"minecraft:ender_pearl":1},"minecraft:custom":{"minecraft:interact_with_furnace":19,"minecraft:mob_kills":44,"minecraft:interact_with_crafting_table":15,"minecraft:climb_one_cm":215,"minecraft:leave_game":3,"minecraft:time_since_death":104819,"minecraft:sleep_in_bed":6,"minecraft:time_since_rest":35499,"minecraft:sprint_one_cm":265290,"minecraft:damage_taken":1960,"minecraft:walk_one_cm":216711,"minecraft:drop":6,"minecraft:damage_dealt":6778,"minecraft:swim_one_cm":13938,"minecraft:fly_one_cm":429756,"minecraft:open_chest":8,"minecraft:crouch_one_cm":14064,"minecraft:play_time":104819,"minecraft:sneak_time":5277,"minecraft:walk_under_water_one_cm":7249,"minecraft:jump":2346,"minecraft:interact_with_blast_furnace":12,"minecraft:walk_on_water_one_cm":20255,"minecraft:total_world_time":104819,"minecraft:fall_one_cm":68501},"minecraft:used":{"minecraft:wheat_seeds":1,"minecraft:cooked_mutton":3,"minecraft:diorite":12,"minecraft:stone_sword":37,"minecraft:stone_pickaxe":127,"minecraft:stone_shovel":16,"minecraft:chest":4,"minecraft:wooden_pickaxe":20,"minecraft:iron_sword":50,"minecraft:spruce_fence_gate":2,"minecraft:blue_bed":5,"minecraft:dirt":72,"minecraft:crafting_table":5,"minecraft:tuff":1,"minecraft:blast_furnace":2,"minecraft:granite":8,"minecraft:spruce_fence":84,"minecraft:spruce_log":3,"minecraft:iron_pickaxe":120,"minecraft:gravel":1,"minecraft:spruce_sapling":4,"minecraft:stone_axe":109,"minecraft:cobblestone":17,"minecraft:furnace":4,"minecraft:cooked_porkchop":12,"minecraft:cooked_beef":10,"minecraft:coarse_dirt":2,"minecraft:iron_leggings":1},"minecraft:dropped":{"minecraft:stone_sword":1,"minecraft:rotten_flesh":2,"minecraft:granite":3,"minecraft:stick":1,"minecraft:diorite":1,"minecraft:arrow":3}},"DataVersion":3955}