{"stats":{"minecraft:mined":{"minecraft:flowering_azalea":15,"minecraft:crafting_table":3,"minecraft:cave_vines_plant":10,"minecraft:granite":8,"minecraft:short_grass":36,"minecraft:blast_furnace":3,"minecraft:grass_block":16,"minecraft:spruce_fence":6,"minecraft:chest":2,"minecraft:tall_grass":8,"minecraft:spruce_leaves":50,"minecraft:lapis_ore":3,"minecraft:moss_block":311,"minecraft:sugar_cane":2,"minecraft:diorite":13,"minecraft:blue_bed":5,"minecraft:large_fern":22,"minecraft:coarse_dirt":1,"minecraft:furnace":4,"minecraft:carrots":6,"minecraft:iron_ore":30,"minecraft:wheat":9,"minecraft:sweet_berry_bush":4,"minecraft:spruce_log":60,"minecraft:moss_carpet":12,"minecraft:potatoes":38,"minecraft:coal_ore":101,"minecraft:cave_vines":23,"minecraft:gravel":1,"minecraft:dirt":36,"minecraft:azalea":14,"minecraft:spruce_fence_gate":1,"minecraft:stone":20,"minecraft:small_dripleaf":1,"minecraft:fern":4},"minecraft:killed":{"minecraft:pig":6,"minecraft:spider":1,"minecraft:creeper":1,"minecraft:sheep":2,"minecraft:skeleton":3,"minecraft:zombie":3,"minecraft:chicken":2,"minecraft:cow":7},"minecraft:broken":{"minecraft:stone_pickaxe":1,"minecraft:stone_axe":1},"minecraft:crafted":{"minecraft:cooked_beef":11,"minecraft:stone_shovel":1,"minecraft:cooked_porkchop":4,"minecraft:crafting_table":2,"minecraft:spruce_planks":228,"minecraft:wooden_pickaxe":1,"minecraft:stone_axe":1,"minecraft:spruce_fence":87,"minecraft:cooked_mutton":3,"minecraft:air":0,"minecraft:stick":84,"minecraft:iron_ingot":3,"minecraft:iron_pickaxe":1,"minecraft:stone_pickaxe":1,"minecraft:stone_sword":1,"minecraft:chest":2,"minecraft:spruce_fence_gate":1,"minecraft:torch":52},"minecraft:picked_up":{"minecraft:coarse_dirt":2,"minecraft:crafting_table":3,"minecraft:feather":2,"minecraft:chicken":2,"minecraft:leather":13,"minecraft:potato":39,"minecraft:blue_bed":5,"minecraft:lapis_lazuli":20,"minecraft:dirt":72,"minecraft:string":1,"minecraft:moss_carpet":82,"minecraft:raw_copper":2,"minecraft:bone":5,"minecraft:wheat_seeds":30,"minecraft:spruce_planks":184,"minecraft:beef":20,"minecraft:flowering_azalea":24,"minecraft:azalea":35,"minecraft:moss_block":317,"minecraft:sugar_cane":7,"minecraft:chest":2,"minecraft:furnace":4,"minecraft:raw_iron":29,"minecraft:stick":3,"minecraft:cooked_porkchop":8,"minecraft:sweet_berries":9,"minecraft:gravel":1,"minecraft:spruce_fence":8,"minecraft:porkchop":12,"minecraft:spruce_sapling":9,"minecraft:carrot":6,"minecraft:blast_furnace":3,"minecraft:diorite":13,"minecraft:spruce_log":60,"minecraft:spider_eye":1,"minecraft:spruce_fence_gate":1,"minecraft:arrow":5,"minecraft:rotten_flesh":2,"minecraft:granite":11,"minecraft:glow_berries":11,"minecraft:mutton":3,"minecraft:coal":274,"minecraft:white_wool":2,"minecraft:cobblestone":36,"minecraft:ender_pearl":1},"minecraft:custom":{"minecraft:interact_with_furnace":19,"minecraft:mob_kills":27,"minecraft:interact_with_crafting_table":11,"minecraft:climb_one_cm":60,"minecraft:leave_game":3,"minecraft:time_since_death":92819,"minecraft:sleep_in_bed":6,"minecraft:time_since_rest":23499,"minecraft:sprint_one_cm":230314,"minecraft:damage_taken":1356,"minecraft:walk_one_cm":181622,"minecraft:damage_dealt":3591,"minecraft:swim_one_cm":13775,"minecraft:fly_one_cm":379840,"minecraft:open_chest":8,"minecraft:crouch_one_cm":12778,"minecraft:play_time":92819,"minecraft:sneak_time":4920,"minecraft:walk_under_water_one_cm":7151,"minecraft:jump":2016,"minecraft:interact_with_blast_furnace":4,"minecraft:walk_on_water_one_cm":11698,"minecraft:total_world_time":92819,"minecraft:fall_one_cm":60902},"minecraft:used":{"minecraft:wheat_seeds":1,"minecraft:cooked_mutton":3,"minecraft:diorite":12,"minecraft:stone_sword":28,"minecraft:stone_pickaxe":127,"minecraft:stone_shovel":16,"minecraft:chest":4,"minecraft:wooden_pickaxe":20,"minecraft:spruce_fence_gate":2,"minecraft:blue_bed":5,"minecraft:dirt":70,"minecraft:crafting_table":4,"minecraft:blast_furnace":1,"minecraft:granite":8,"minecraft:spruce_fence":84,"minecraft:spruce_log":3,"minecraft:iron_pickaxe":48,"minecraft:gravel":1,"minecraft:spruce_sapling":4,"minecraft:stone_axe":109,"minecraft:cobblestone":5,"minecraft:furnace":4,"minecraft:cooked_porkchop":7,"minecraft:cooked_beef":9,"minecraft:coarse_dirt":2}},"DataVersion":3955}