{"stats":{"minecraft:picked_up":{"minecraft:brown_mushroom":1,"minecraft:wheat_seeds":1,"minecraft:sand":1,"minecraft:dirt":1},"minecraft:used":{"minecraft:sand":1,"minecraft:brown_mushroom":1},"minecraft:custom":{"minecraft:time_since_rest":11555,"minecraft:crouch_one_cm":36,"minecraft:play_time":11555,"minecraft:sprint_one_cm":9188,"minecraft:damage_taken":180,"minecraft:walk_one_cm":13511,"minecraft:sneak_time":10,"minecraft:jump":182,"minecraft:damage_dealt":10,"minecraft:leave_game":1,"minecraft:time_since_death":11555,"minecraft:total_world_time":11555,"minecraft:fly_one_cm":25774,"minecraft:fall_one_cm":7529},"minecraft:mined":{"minecraft:short_grass":2,"minecraft:grass_block":1,"minecraft:brown_mushroom":1,"minecraft:sand":1,"minecraft:spruce_leaves":2,"minecraft:fern":2}},"DataVersion":4082}