{"stats":{"minecraft:picked_up":{"minecraft:brown_mushroom":1,"minecraft:wheat_seeds":1,"minecraft:sand":2,"minecraft:dirt":2},"minecraft:used":{"minecraft:dirt":2,"minecraft:sand":2,"minecraft:brown_mushroom":1},"minecraft:custom":{"minecraft:time_since_rest":1666,"minecraft:crouch_one_cm":36,"minecraft:sprint_one_cm":14280,"minecraft:play_time":16257,"minecraft:damage_taken":295,"minecraft:deaths":1,"minecraft:walk_one_cm":16171,"minecraft:sneak_time":36,"minecraft:walk_under_water_one_cm":1498,"minecraft:jump":270,"minecraft:damage_dealt":19,"minecraft:leave_game":3,"minecraft:walk_on_water_one_cm":3613,"minecraft:time_since_death":1632,"minecraft:total_world_time":16257,"minecraft:swim_one_cm":1107,"minecraft:fall_one_cm":11091,"minecraft:fly_one_cm":37045},"minecraft:mined":{"minecraft:short_grass":2,"minecraft:grass_block":2,"minecraft:brown_mushroom":1,"minecraft:sand":2,"minecraft:spruce_leaves":5,"minecraft:fern":2}},"DataVersion":4082}