{"stats":{"minecraft:killed_by":{"minecraft:player":1},"minecraft:picked_up":{"minecraft:stick":3,"minecraft:feather":2,"minecraft:chicken":4,"minecraft:salmon":5,"minecraft:leather":8,"minecraft:wooden_pickaxe":1,"minecraft:potato":4,"minecraft:brewing_stand":1,"minecraft:porkchop":4,"minecraft:white_bed":1,"minecraft:spruce_log":7,"minecraft:carrot":8,"minecraft:string":1,"minecraft:cauldron":1,"minecraft:rotten_flesh":8,"minecraft:kelp":146,"minecraft:beetroot_seeds":3,"minecraft:wheat_seeds":14,"minecraft:spruce_planks":25,"minecraft:hay_block":14,"minecraft:beef":15,"minecraft:sugar_cane":100,"minecraft:cobblestone":7},"minecraft:used":{"minecraft:spruce_boat":1,"minecraft:wheat_seeds":14,"minecraft:apple":2,"minecraft:stone_sword":35,"minecraft:bread":4,"minecraft:stone_pickaxe":4,"minecraft:leather_chestplate":1,"minecraft:spruce_planks":2,"minecraft:wooden_pickaxe":22,"minecraft:crafting_table":2,"minecraft:beetroot_seeds":3,"minecraft:potato":2},"minecraft:killed":{"minecraft:pig":3,"minecraft:chicken":2,"minecraft:zombie_villager":3,"minecraft:salmon":5,"minecraft:cow":6},"minecraft:broken":{"minecraft:wooden_pickaxe":1},"minecraft:crafted":{"minecraft:crafting_table":2,"minecraft:spruce_planks":28,"minecraft:stone_pickaxe":1,"minecraft:stone_sword":1,"minecraft:spruce_boat":1},"minecraft:custom":{"minecraft:time_since_rest":9287,"minecraft:sprint_one_cm":64792,"minecraft:damage_taken":416,"minecraft:walk_one_cm":76182,"minecraft:mob_kills":20,"minecraft:drop":4,"minecraft:damage_dealt":1580,"minecraft:swim_one_cm":16314,"minecraft:interact_with_crafting_table":2,"minecraft:fly_one_cm":179706,"minecraft:open_chest":4,"minecraft:crouch_one_cm":928,"minecraft:play_time":24572,"minecraft:deaths":1,"minecraft:sneak_time":577,"minecraft:walk_under_water_one_cm":2950,"minecraft:boat_one_cm":36490,"minecraft:jump":888,"minecraft:leave_game":1,"minecraft:walk_on_water_one_cm":2553,"minecraft:time_since_death":15302,"minecraft:sleep_in_bed":1,"minecraft:total_world_time":24572,"minecraft:fall_one_cm":14978},"minecraft:mined":{"minecraft:large_fern":2,"minecraft:hay_block":14,"minecraft:tall_seagrass":2,"minecraft:white_bed":1,"minecraft:carrots":8,"minecraft:kelp_plant":25,"minecraft:wheat":14,"minecraft:ice":2,"minecraft:spruce_log":7,"minecraft:birch_leaves":1,"minecraft:brewing_stand":1,"minecraft:potatoes":4,"minecraft:water_cauldron":1,"minecraft:beetroots":3,"minecraft:cobweb":1,"minecraft:cobblestone":2,"minecraft:spruce_leaves":5,"minecraft:kelp":1,"minecraft:sugar_cane":24,"minecraft:fern":1},"minecraft:dropped":{"minecraft:sugar_cane":23,"minecraft:feather":2,"minecraft:rotten_flesh":8}},"DataVersion":4082}