{"stats":{"minecraft:killed_by":{"minecraft:player":1,"minecraft:skeleton":1},"minecraft:dropped":{"minecraft:soul_sand":1,"vinery:creepers_crush":1,"minecraft:wheat_seeds":4,"minecraft:stone_sword":1,"twilightforest:alpha_yeti_boss_spawner":1,"galosphere:silver_bomb":1,"rottencreatures:tnt_barrel":76,"twilightforest:final_boss_boss_spawner":1,"twilightforest:hydra_boss_spawner":1,"twilightforest:ur_ghast_boss_spawner":1,"twilightforest:knight_phantom_boss_spawner":1,"minecraft:cod":1,"galosphere:raw_silver":2,"twilightforest:minoshroom_boss_spawner":1,"twilightforest:naga_boss_spawner":1,"minecraft:dropper":1,"twilightforest:snow_queen_boss_spawner":1,"supplementaries:bomb_blue":1,"minecraft:stone_pickaxe":1,"twilightforest:ice_bomb":1,"minecraft:dark_oak_planks":64,"minecraft:redstone":1},"minecraft:mined":{"minecraft:tuff":1,"minecraft:deepslate_diamond_ore":2,"minecraft:jungle_leaves":2,"galosphere:deepslate_silver_ore":2,"ecologics:surface_moss":1,"minecraft:cave_vines_plant":3,"minecraft:jungle_log":1,"minecraft:tall_grass":1,"minecraft:moss_block":4,"minecraft:diorite":1,"minecraft:iron_ore":13,"minecraft:grass":4,"minecraft:coal_ore":2,"minecraft:cave_vines":10,"minecraft:deepslate_iron_ore":10,"minecraft:stone":2,"minecraft:deepslate":24},"minecraft:custom":{"minecraft:interact_with_furnace":24,"minecraft:inspect_dropper":5,"minecraft:mob_kills":7,"minecraft:interact_with_crafting_table":10,"minecraft:leave_game":3,"minecraft:time_since_death":13468,"minecraft:climb_one_cm":259,"minecraft:time_since_rest":13513,"minecraft:sprint_one_cm":26786,"minecraft:damage_taken":1367,"minecraft:walk_one_cm":69807,"minecraft:drop":24,"minecraft:damage_dealt":2229,"minecraft:swim_one_cm":24877,"minecraft:fly_one_cm":332948,"minecraft:player_kills":3,"minecraft:crouch_one_cm":4330,"minecraft:play_time":48421,"minecraft:deaths":4,"minecraft:sneak_time":3274,"minecraft:walk_under_water_one_cm":34081,"minecraft:jump":422,"minecraft:walk_on_water_one_cm":22618,"minecraft:total_world_time":48421,"minecraft:fall_one_cm":8620,"minecraft:inspect_dispenser":3},"minecraft:picked_up":{"minecraft:jungle_log":1,"minecraft:wither_rose":3,"twilightforest:hydra_spawn_egg":17,"minecraft:string":1,"minecraft:bone":2,"minecraft:wheat_seeds":4,"minecraft:cobbled_deepslate":51,"minecraft:iron_ingot":1,"netherdepthsupgrade:lava_pufferfish":3,"minecraft:bamboo":2,"galosphere:raw_silver":2,"minecraft:moss_block":4,"minecraft:furnace":1,"minecraft:sandstone":1,"minecraft:raw_iron":26,"twigs:bamboo_leaves":1,"minecraft:dropper":1,"minecraft:sand":21,"minecraft:diorite":1,"minecraft:redstone":6,"minecraft:spider_eye":1,"minecraft:dark_oak_planks":39,"minecraft:tnt":49,"minecraft:dispenser":1,"minecraft:diamond":2,"variantcraftingtables:dark_oak_crafting_table":1,"rottencreatures:tnt_barrel":820,"minecraft:oak_sapling":1,"minecraft:glow_berries":8,"minecraft:cod":1,"minecraft:coal":3,"minecraft:cobblestone":16},"minecraft:killed":{"minecraft:spider":1,"minecraft:cod":2,"minecraft:skeleton":2,"minecraft:player":3,"minecraft:tropical_fish":1},"minecraft:crafted":{"minecraft:iron_helmet":1,"minecraft:iron_sword":1,"minecraft:furnace":1,"minecraft:air":0,"variantcraftingtables:dark_oak_crafting_table":1,"minecraft:iron_boots":1,"minecraft:iron_chestplate":1,"minecraft:iron_axe":1,"minecraft:iron_ingot":41,"minecraft:iron_pickaxe":2,"minecraft:iron_leggings":1},"minecraft:used":{"minecraft:moss_block":2,"minecraft:stone_sword":26,"naturalist:snail_spawn_egg":1,"minecraft:dropper":3,"twilightforest:hydra_boss_spawner":9,"minecraft:dispenser":2,"minecraft:redstone":25,"minecraft:stone_pickaxe":36,"variantcraftingtables:dark_oak_crafting_table":1,"minecraft:iron_sword":19,"minecraft:wither_skeleton_spawn_egg":8,"bosses_of_mass_destruction:earthdive_spear":4,"minecraft:iron_chestplate":1,"twilightforest:final_boss_boss_spawner":28,"minecraft:glow_berries":27,"minecraft:soul_sand":7,"minecraft:tnt":3,"vinery:creepers_crush":4,"twilightforest:alpha_yeti_boss_spawner":2,"twilightforest:knight_phantom_boss_spawner":10,"minecraft:redstone_torch":15,"minecraft:dark_oak_planks":6,"twilightforest:minoshroom_boss_spawner":3,"rottencreatures:tnt_barrel":227,"minecraft:iron_pickaxe":28,"twilightforest:snow_queen_boss_spawner":7,"minecraft:iron_helmet":1,"netherdepthsupgrade:lava_pufferfish_spawn_egg":45,"galosphere:silver_bomb":9,"minecraft:iron_boots":1,"twilightforest:naga_boss_spawner":8,"minecraft:deepslate":62,"supplementaries:bomb_blue":15,"minecraft:repeater":10,"minecraft:cobblestone":2,"minecraft:furnace":1,"twilightforest:ur_ghast_boss_spawner":16,"minecraft:iron_leggings":1}},"DataVersion":3120}