{"stats":{"minecraft:killed_by":{"minecraft:player":1},"minecraft:picked_up":{"minecraft:stick":3,"minecraft:feather":2,"minecraft:chicken":4,"minecraft:wooden_pickaxe":1,"minecraft:potato":2,"minecraft:porkchop":4,"minecraft:white_bed":1,"minecraft:spruce_log":7,"minecraft:carrot":8,"minecraft:rotten_flesh":8,"minecraft:beetroot_seeds":3,"minecraft:wheat_seeds":14,"minecraft:spruce_planks":25,"minecraft:hay_block":14,"minecraft:sugar_cane":93,"minecraft:cobblestone":7},"minecraft:used":{"minecraft:wheat_seeds":14,"minecraft:stone_sword":9,"minecraft:bread":1,"minecraft:stone_pickaxe":2,"minecraft:leather_chestplate":1,"minecraft:spruce_planks":2,"minecraft:wooden_pickaxe":22,"minecraft:crafting_table":1,"minecraft:beetroot_seeds":3,"minecraft:potato":2},"minecraft:killed":{"minecraft:pig":3,"minecraft:chicken":2,"minecraft:zombie_villager":2},"minecraft:broken":{"minecraft:wooden_pickaxe":1},"minecraft:crafted":{"minecraft:crafting_table":1,"minecraft:spruce_planks":28,"minecraft:stone_pickaxe":1,"minecraft:stone_sword":1},"minecraft:custom":{"minecraft:time_since_rest":2715,"minecraft:sprint_one_cm":47158,"minecraft:damage_taken":416,"minecraft:walk_one_cm":67263,"minecraft:mob_kills":8,"minecraft:drop":3,"minecraft:damage_dealt":631,"minecraft:swim_one_cm":2391,"minecraft:interact_with_crafting_table":1,"minecraft:fly_one_cm":123360,"minecraft:open_chest":1,"minecraft:crouch_one_cm":928,"minecraft:play_time":18000,"minecraft:deaths":1,"minecraft:sneak_time":471,"minecraft:walk_under_water_one_cm":83,"minecraft:jump":696,"minecraft:walk_on_water_one_cm":1192,"minecraft:time_since_death":8730,"minecraft:sleep_in_bed":1,"minecraft:total_world_time":18000,"minecraft:fall_one_cm":10264},"minecraft:mined":{"minecraft:large_fern":2,"minecraft:hay_block":14,"minecraft:white_bed":1,"minecraft:carrots":8,"minecraft:wheat":14,"minecraft:ice":2,"minecraft:spruce_log":7,"minecraft:birch_leaves":1,"minecraft:potatoes":2,"minecraft:beetroots":3,"minecraft:cobblestone":2,"minecraft:spruce_leaves":5,"minecraft:sugar_cane":22,"minecraft:fern":1},"minecraft:dropped":{"minecraft:sugar_cane":23,"minecraft:feather":2,"minecraft:rotten_flesh":6}},"DataVersion":4082}