{"stats":{"minecraft:mined":{"minecraft:podzol":1,"minecraft:acacia_leaves":4,"minecraft:melon_stem":1,"minecraft:cherry_log":9,"minecraft:crafting_table":1,"minecraft:short_grass":71,"minecraft:acacia_log":19,"minecraft:grass_block":362,"minecraft:tall_grass":2,"minecraft:spruce_leaves":4,"minecraft:sugar_cane":4,"minecraft:hay_block":31,"minecraft:furnace":1,"minecraft:iron_ore":1,"minecraft:white_carpet":1,"minecraft:spruce_log":7,"minecraft:oak_log":9,"minecraft:coal_ore":26,"minecraft:flowering_azalea_leaves":2,"minecraft:cherry_leaves":13,"minecraft:sand":1,"minecraft:dirt":24,"minecraft:azalea_leaves":2,"minecraft:bamboo":4,"minecraft:stonecutter":1,"minecraft:stone":26,"minecraft:oak_leaves":1,"minecraft:orange_bed":1},"minecraft:broken":{"minecraft:iron_shovel":1,"minecraft:wooden_sword":1,"minecraft:stone_shovel":1},"minecraft:killed":{"minecraft:pig":21,"minecraft:zombie":1,"minecraft:cow":8},"minecraft:crafted":{"minecraft:cherry_planks":36,"minecraft:wooden_sword":2,"minecraft:oak_planks":36,"minecraft:stone_shovel":1,"minecraft:cooked_porkchop":39,"minecraft:crafting_table":4,"minecraft:spruce_planks":24,"minecraft:wooden_pickaxe":1,"minecraft:furnace":1,"minecraft:stone_axe":1,"minecraft:bread":91,"minecraft:air":0,"minecraft:stick":20,"minecraft:stone_pickaxe":1,"minecraft:stone_sword":1,"minecraft:chest":2,"minecraft:torch":20,"minecraft:wheat":270},"minecraft:picked_up":{"minecraft:crafting_table":1,"minecraft:andesite":12,"minecraft:leather":10,"minecraft:oak_log":9,"minecraft:dirt":380,"minecraft:wooden_sword":1,"minecraft:white_carpet":1,"minecraft:iron_shovel":1,"minecraft:stonecutter":1,"minecraft:wheat_seeds":36,"minecraft:beef":16,"minecraft:bamboo":38,"minecraft:sugar_cane":10,"minecraft:acacia_sapling":2,"minecraft:furnace":1,"minecraft:raw_iron":1,"minecraft:sweet_berries":40,"minecraft:acacia_log":19,"minecraft:porkchop":47,"minecraft:cherry_log":9,"minecraft:spruce_sapling":2,"minecraft:spruce_log":6,"minecraft:orange_bed":1,"minecraft:hay_block":30,"minecraft:cherry_sapling":2,"minecraft:coal":34,"minecraft:cobblestone":26},"minecraft:custom":{"minecraft:interact_with_smithing_table":1,"minecraft:interact_with_furnace":13,"minecraft:mob_kills":30,"minecraft:interact_with_crafting_table":13,"minecraft:leave_game":3,"minecraft:time_since_death":87753,"minecraft:sleep_in_bed":1,"minecraft:climb_one_cm":3410,"minecraft:time_since_rest":18503,"minecraft:sprint_one_cm":231704,"minecraft:damage_absorbed":40,"minecraft:damage_taken":455,"minecraft:walk_one_cm":152071,"minecraft:drop":6,"minecraft:damage_dealt":3259,"minecraft:swim_one_cm":36383,"minecraft:talked_to_villager":2,"minecraft:fly_one_cm":768428,"minecraft:open_chest":18,"minecraft:crouch_one_cm":1803,"minecraft:play_time":87753,"minecraft:sneak_time":982,"minecraft:walk_under_water_one_cm":5945,"minecraft:interact_with_brewingstand":1,"minecraft:jump":3004,"minecraft:walk_on_water_one_cm":19359,"minecraft:total_world_time":87753,"minecraft:fall_one_cm":93270},"minecraft:used":{"minecraft:cherry_sapling":2,"minecraft:stone_sword":13,"minecraft:iron_shovel":280,"minecraft:stone_pickaxe":29,"minecraft:stone_shovel":142,"minecraft:wooden_pickaxe":26,"minecraft:chest":2,"minecraft:stonecutter":1,"minecraft:sugar_cane":10,"minecraft:torch":24,"minecraft:orange_bed":1,"minecraft:golden_apple":1,"minecraft:dirt":5,"minecraft:white_carpet":1,"minecraft:crafting_table":5,"minecraft:apple":3,"minecraft:bread":7,"minecraft:stone_axe":52,"minecraft:wooden_sword":85,"minecraft:sweet_berries":40,"minecraft:furnace":2,"minecraft:cooked_porkchop":4},"minecraft:dropped":{"minecraft:bread":61,"minecraft:wheat_seeds":1,"minecraft:andesite":12,"minecraft:wooden_sword":2,"minecraft:wooden_pickaxe":1}},"DataVersion":3955}