{"stats":{"minecraft:custom":{"minecraft:interact_with_smithing_table":1,"minecraft:interact_with_furnace":15,"minecraft:mob_kills":54,"minecraft:interact_with_crafting_table":13,"minecraft:leave_game":4,"minecraft:time_since_death":122448,"minecraft:sleep_in_bed":2,"minecraft:climb_one_cm":3410,"minecraft:time_since_rest":8626,"minecraft:sprint_one_cm":372654,"minecraft:damage_absorbed":40,"minecraft:damage_taken":1196,"minecraft:walk_one_cm":186512,"minecraft:drop":8,"minecraft:damage_dealt":6581,"minecraft:swim_one_cm":66790,"minecraft:talked_to_villager":2,"minecraft:fly_one_cm":1191015,"minecraft:open_chest":32,"minecraft:crouch_one_cm":3452,"minecraft:play_time":122448,"minecraft:sneak_time":2051,"minecraft:walk_under_water_one_cm":13465,"minecraft:interact_with_brewingstand":1,"minecraft:jump":4452,"minecraft:walk_on_water_one_cm":47298,"minecraft:total_world_time":122448,"minecraft:fall_one_cm":129851},"minecraft:crafted":{"minecraft:cooked_beef":13,"minecraft:cherry_planks":36,"minecraft:wooden_sword":2,"minecraft:oak_planks":36,"minecraft:stone_shovel":1,"minecraft:cooked_porkchop":39,"minecraft:crafting_table":4,"minecraft:spruce_planks":24,"minecraft:wooden_pickaxe":1,"minecraft:furnace":1,"minecraft:stone_axe":1,"minecraft:bread":91,"minecraft:air":0,"minecraft:stick":20,"minecraft:stone_pickaxe":1,"minecraft:stone_sword":1,"minecraft:chest":2,"minecraft:torch":20,"minecraft:wheat":270},"minecraft:killed":{"minecraft:wolf":2,"minecraft:pig":24,"minecraft:spider":3,"minecraft:skeleton":1,"minecraft:zombie":10,"minecraft:chicken":4,"minecraft:cow":8},"minecraft:broken":{"minecraft:iron_shovel":1,"minecraft:wooden_sword":1,"minecraft:stone_shovel":1},"minecraft:picked_up":{"minecraft:crafting_table":1,"minecraft:feather":4,"minecraft:chicken":4,"minecraft:clay_ball":1,"minecraft:andesite":12,"minecraft:leather":10,"minecraft:oak_log":9,"minecraft:gunpowder":3,"minecraft:string":5,"minecraft:lapis_lazuli":8,"minecraft:dirt":394,"minecraft:wooden_sword":1,"minecraft:white_carpet":1,"minecraft:iron_shovel":1,"minecraft:bone":4,"minecraft:stonecutter":1,"minecraft:wheat_seeds":37,"minecraft:beef":16,"minecraft:lectern":1,"minecraft:bamboo":38,"minecraft:sugar_cane":28,"minecraft:acacia_sapling":2,"minecraft:furnace":1,"minecraft:book":12,"minecraft:raw_iron":20,"minecraft:sweet_berries":40,"minecraft:acacia_log":19,"minecraft:porkchop":53,"minecraft:cherry_log":9,"minecraft:spruce_sapling":2,"minecraft:spruce_log":6,"minecraft:spider_eye":2,"minecraft:orange_bed":1,"minecraft:arrow":4,"minecraft:rotten_flesh":3,"minecraft:hay_block":30,"minecraft:cherry_sapling":2,"minecraft:coal":43,"minecraft:cobblestone":51},"minecraft:dropped":{"minecraft:bread":61,"minecraft:wheat_seeds":2,"minecraft:gunpowder":3,"minecraft:andesite":12,"minecraft:wooden_sword":2,"minecraft:wooden_pickaxe":1},"minecraft:used":{"minecraft:cherry_sapling":2,"minecraft:stone_sword":89,"minecraft:iron_shovel":280,"minecraft:stone_pickaxe":78,"minecraft:stone_shovel":142,"minecraft:wooden_pickaxe":26,"minecraft:chest":2,"minecraft:stonecutter":1,"minecraft:sugar_cane":25,"minecraft:torch":25,"minecraft:orange_bed":1,"minecraft:golden_apple":1,"minecraft:dirt":17,"minecraft:white_carpet":1,"minecraft:crafting_table":5,"minecraft:apple":3,"minecraft:bread":25,"minecraft:bamboo":7,"minecraft:stone_axe":57,"minecraft:wooden_sword":85,"minecraft:cobblestone":8,"minecraft:sweet_berries":40,"minecraft:furnace":2,"minecraft:cooked_porkchop":4,"minecraft:cooked_beef":4},"minecraft:mined":{"minecraft:podzol":1,"minecraft:acacia_leaves":4,"minecraft:melon_stem":1,"minecraft:cherry_log":9,"minecraft:crafting_table":1,"minecraft:short_grass":73,"minecraft:acacia_log":19,"minecraft:grass_block":362,"minecraft:lectern":1,"minecraft:tall_grass":3,"minecraft:cobblestone":5,"minecraft:spruce_leaves":4,"minecraft:lapis_ore":1,"minecraft:sugar_cane":16,"minecraft:hay_block":31,"minecraft:furnace":1,"minecraft:iron_ore":20,"minecraft:white_carpet":1,"minecraft:spruce_log":7,"minecraft:bookshelf":4,"minecraft:oak_log":9,"minecraft:coal_ore":35,"minecraft:flowering_azalea_leaves":2,"minecraft:cherry_leaves":13,"minecraft:sand":1,"minecraft:dirt":24,"minecraft:azalea_leaves":2,"minecraft:bamboo":4,"minecraft:stonecutter":1,"minecraft:stone":41,"minecraft:oak_leaves":1,"minecraft:orange_bed":1}},"DataVersion":3955}