{"stats":{"minecraft:mined":{"minecraft:acacia_leaves":2,"minecraft:melon_stem":1,"minecraft:cherry_log":9,"minecraft:crafting_table":1,"minecraft:short_grass":69,"minecraft:acacia_log":10,"minecraft:grass_block":360,"minecraft:tall_grass":2,"minecraft:spruce_leaves":4,"minecraft:sugar_cane":4,"minecraft:hay_block":31,"minecraft:furnace":1,"minecraft:white_carpet":1,"minecraft:spruce_log":7,"minecraft:oak_log":9,"minecraft:coal_ore":24,"minecraft:flowering_azalea_leaves":2,"minecraft:cherry_leaves":13,"minecraft:dirt":24,"minecraft:sand":1,"minecraft:azalea_leaves":2,"minecraft:stonecutter":1,"minecraft:stone":26,"minecraft:oak_leaves":1,"minecraft:orange_bed":1},"minecraft:broken":{"minecraft:iron_shovel":1,"minecraft:wooden_sword":1,"minecraft:stone_shovel":1},"minecraft:killed":{"minecraft:pig":21,"minecraft:zombie":1,"minecraft:cow":8},"minecraft:crafted":{"minecraft:cherry_planks":36,"minecraft:wooden_sword":2,"minecraft:oak_planks":36,"minecraft:stone_shovel":1,"minecraft:cooked_porkchop":39,"minecraft:crafting_table":4,"minecraft:spruce_planks":24,"minecraft:wooden_pickaxe":1,"minecraft:furnace":1,"minecraft:stone_axe":1,"minecraft:bread":91,"minecraft:air":0,"minecraft:stick":20,"minecraft:stone_pickaxe":1,"minecraft:stone_sword":1,"minecraft:chest":2,"minecraft:torch":20,"minecraft:wheat":270},"minecraft:picked_up":{"minecraft:crafting_table":1,"minecraft:andesite":12,"minecraft:leather":10,"minecraft:oak_log":9,"minecraft:dirt":378,"minecraft:wooden_sword":1,"minecraft:iron_shovel":1,"minecraft:white_carpet":1,"minecraft:stonecutter":1,"minecraft:wheat_seeds":35,"minecraft:beef":16,"minecraft:sugar_cane":10,"minecraft:acacia_sapling":2,"minecraft:furnace":1,"minecraft:sweet_berries":40,"minecraft:acacia_log":10,"minecraft:porkchop":47,"minecraft:cherry_log":9,"minecraft:spruce_sapling":2,"minecraft:spruce_log":6,"minecraft:orange_bed":1,"minecraft:hay_block":30,"minecraft:cherry_sapling":2,"minecraft:coal":32,"minecraft:cobblestone":26},"minecraft:custom":{"minecraft:interact_with_smithing_table":1,"minecraft:interact_with_furnace":13,"minecraft:mob_kills":30,"minecraft:interact_with_crafting_table":13,"minecraft:leave_game":2,"minecraft:time_since_death":69623,"minecraft:sleep_in_bed":1,"minecraft:climb_one_cm":3378,"minecraft:time_since_rest":373,"minecraft:sprint_one_cm":196720,"minecraft:walk_one_cm":143868,"minecraft:damage_taken":315,"minecraft:damage_absorbed":40,"minecraft:drop":5,"minecraft:damage_dealt":3259,"minecraft:swim_one_cm":22819,"minecraft:talked_to_villager":2,"minecraft:fly_one_cm":611600,"minecraft:open_chest":17,"minecraft:crouch_one_cm":1542,"minecraft:play_time":69623,"minecraft:sneak_time":569,"minecraft:walk_under_water_one_cm":1773,"minecraft:interact_with_brewingstand":1,"minecraft:jump":2468,"minecraft:walk_on_water_one_cm":13482,"minecraft:total_world_time":69623,"minecraft:fall_one_cm":73089},"minecraft:used":{"minecraft:cherry_sapling":2,"minecraft:stone_sword":13,"minecraft:iron_shovel":280,"minecraft:stone_shovel":142,"minecraft:stone_pickaxe":26,"minecraft:chest":2,"minecraft:wooden_pickaxe":26,"minecraft:stonecutter":1,"minecraft:sugar_cane":10,"minecraft:orange_bed":1,"minecraft:torch":21,"minecraft:golden_apple":1,"minecraft:dirt":4,"minecraft:white_carpet":1,"minecraft:crafting_table":5,"minecraft:apple":3,"minecraft:bread":4,"minecraft:stone_axe":35,"minecraft:wooden_sword":85,"minecraft:sweet_berries":40,"minecraft:furnace":2,"minecraft:cooked_porkchop":4},"minecraft:dropped":{"minecraft:bread":61,"minecraft:andesite":12,"minecraft:wooden_sword":2,"minecraft:wooden_pickaxe":1}},"DataVersion":3955}