{"stats":{"minecraft:picked_up":{"minecraft:spruce_log":7,"minecraft:sugar_cane":23},"minecraft:crafted":{"minecraft:spruce_planks":28},"minecraft:custom":{"minecraft:jump":263,"minecraft:time_since_rest":6000,"minecraft:damage_dealt":64,"minecraft:walk_on_water_one_cm":141,"minecraft:sprint_one_cm":16026,"minecraft:play_time":6000,"minecraft:damage_taken":125,"minecraft:time_since_death":6000,"minecraft:walk_one_cm":31028,"minecraft:sneak_time":1,"minecraft:total_world_time":6000,"minecraft:fall_one_cm":4805,"minecraft:fly_one_cm":52639},"minecraft:mined":{"minecraft:large_fern":1,"minecraft:spruce_log":7,"minecraft:ice":2,"minecraft:sugar_cane":9}},"DataVersion":4082}