{"stats":{"minecraft:picked_up":{"minecraft:crafting_table":1,"minecraft:wheat":1,"minecraft:feather":4,"byg:holly_sapling":2,"minecraft:chicken":3,"minecraft:jungle_log":16,"minecraft:leather":3,"vinery:jungle_grape_seeds_red":1,"minecraft:diamond_sword":1,"minecraft:flint":1,"minecraft:oak_log":27,"byg:white_anemone":1,"minecraft:dirt":2,"minecraft:lantern":4,"byg:imbued_blue_enchanted_log":1,"minecraft:iron_leggings":1,"minecraft:leather_boots":3,"minecraft:bone":5,"minecraft:apple":1,"snowyspirit:ginger_flower":4,"minecraft:wheat_seeds":53,"minecraft:gold_nugget":21,"ftbquests:book":1,"twigs:pebble":8,"minecraft:beef":18,"twigs:twig":13,"byg:rose":1,"minecraft:egg":1,"minecraft:furnace":3,"minecraft:stick":36,"minecraft:raw_iron":6,"minecraft:jukebox":1,"minecraft:torch":8,"byg:fairy_slipper":1,"minecraft:gravel":10,"minecraft:dark_oak_log":51,"minecraft:leather_helmet":2,"minecraft:dark_oak_planks":4,"minecraft:arrow":1,"minecraft:rotten_flesh":34,"variantcraftingtables:dark_oak_crafting_table":7,"minecraft:oak_sapling":15,"minecraft:glow_berries":2,"minecraft:mutton":3,"minecraft:coal":32,"minecraft:cobblestone":109,"minecraft:white_wool":4},"minecraft:used":{"minecraft:cooked_mutton":2,"minecraft:stone_pickaxe":52,"variantcraftingtables:dark_oak_crafting_table":7,"minecraft:wooden_pickaxe":47,"minecraft:iron_sword":50,"minecraft:cooked_chicken":3,"minecraft:torch":9,"minecraft:wooden_axe":92,"minecraft:apple":3,"minecraft:bread":9,"minecraft:iron_pickaxe":419,"minecraft:diamond_sword":148,"minecraft:furnace":4,"minecraft:cooked_cod":4,"minecraft:cooked_beef":4,"minecraft:potato":5},"minecraft:killed":{"meadow:inky_sheep":1,"minecraft:skeleton":15,"minecraft:sheep":2,"minecraft:zombie":32,"minecraft:chicken":3,"meadow:pinto_cow":9},"minecraft:dropped":{"minecraft:bread":13,"minecraft:jukebox":2,"minecraft:rotten_flesh":34,"minecraft:glow_berries":2,"minecraft:oak_planks":8,"minecraft:leather":2,"snowyspirit:ginger_flower":2,"minecraft:stick":72,"minecraft:dirt":2,"minecraft:dark_oak_log":12,"minecraft:torch":4,"minecraft:wooden_axe":1,"minecraft:jungle_log":16,"minecraft:leather_boots":1,"minecraft:gold_nugget":28,"byg:imbued_blue_enchanted_log":1,"minecraft:stone_pickaxe":1,"minecraft:dark_oak_planks":72,"ftbquests:book":1,"twigs:twig":1,"minecraft:white_wool":2,"minecraft:egg":1,"byg:holly_sapling":2},"minecraft:crafted":{"minecraft:cooked_beef":19,"minecraft:oak_planks":104,"minecraft:wooden_pickaxe":2,"minecraft:cooked_chicken":3,"minecraft:iron_sword":1,"minecraft:furnace":1,"minecraft:cooked_mutton":3,"variantcraftingtables:dark_oak_crafting_table":1,"minecraft:stick":80,"minecraft:iron_ingot":6,"minecraft:iron_pickaxe":1,"minecraft:stone_pickaxe":2,"minecraft:wooden_axe":2,"minecraft:stone_sword":1,"minecraft:dark_oak_planks":150,"minecraft:torch":4},"minecraft:mined":{"vinery:jungle_grape_bush_red":2,"minecraft:mossy_cobblestone":4,"minecraft:dark_oak_log":52,"galosphere:allurite_cluster":1,"minecraft:torch":2,"minecraft:polished_andesite_stairs":4,"minecraft:grass_block":1,"minecraft:calcite":3,"byg:imbued_blue_enchanted_log":1,"minecraft:jungle_log":8,"minecraft:cobblestone":4,"minecraft:spawner":9,"minecraft:wall_torch":6,"snowyspirit:wild_ginger":2,"galosphere:allurite_block":7,"minecraft:furnace":3,"minecraft:wheat":12,"minecraft:iron_ore":6,"supplementaries:bamboo_spikes":1,"minecraft:smooth_stone_slab":4,"minecraft:grass":211,"minecraft:beetroots":1,"minecraft:oak_log":27,"minecraft:coal_ore":33,"minecraft:cave_vines":2,"variantcraftingtables:dark_oak_crafting_table":7,"minecraft:cobblestone_slab":3,"minecraft:lantern":3,"byg:rose":1,"minecraft:gravel":11,"minecraft:dirt":1,"byg:white_anemone":1,"byg:fairy_slipper":1,"minecraft:tripwire_hook":6,"minecraft:stone":106,"minecraft:fern":50,"supplementaries:wall_lantern":1,"minecraft:oak_leaves":1,"minecraft:tripwire":4},"minecraft:custom":{"minecraft:interact_with_furnace":21,"minecraft:mob_kills":62,"minecraft:interact_with_cartography_table":1,"minecraft:interact_with_crafting_table":10,"minecraft:tune_noteblock":33,"minecraft:open_barrel":4,"minecraft:leave_game":2,"minecraft:time_since_death":43087,"minecraft:sleep_in_bed":1,"minecraft:climb_one_cm":7044,"minecraft:time_since_rest":32711,"minecraft:sprint_one_cm":432953,"minecraft:damage_taken":2241,"minecraft:walk_one_cm":516895,"minecraft:drop":37,"minecraft:damage_dealt":10365,"twilightforest:life_charms_activated":1,"minecraft:swim_one_cm":21938,"minecraft:fly_one_cm":288604,"minecraft:open_chest":53,"minecraft:deaths":5,"minecraft:play_time":142159,"minecraft:sneak_time":175,"minecraft:walk_under_water_one_cm":7601,"minecraft:jump":1833,"minecraft:interact_with_blast_furnace":3,"minecraft:walk_on_water_one_cm":9668,"minecraft:total_world_time":142159,"minecraft:fall_one_cm":30998},"minecraft:broken":{"minecraft:leather_helmet":1,"minecraft:wooden_axe":1},"minecraft:killed_by":{"minecraft:skeleton":5}},"DataVersion":3120}