{"stats":{"minecraft:mined":{"minecraft:mossy_cobblestone":4,"minecraft:dark_oak_log":52,"galosphere:allurite_cluster":1,"minecraft:grass_block":1,"minecraft:jungle_log":8,"twigs:twig":2,"snowyspirit:wild_ginger":2,"minecraft:spawner":9,"minecraft:magma_block":1,"minecraft:furnace":3,"minecraft:iron_ore":6,"supplementaries:bamboo_spikes":1,"minecraft:cave_vines":2,"variantcraftingtables:dark_oak_crafting_table":7,"minecraft:cobblestone_slab":3,"minecraft:lantern":3,"byg:white_anemone":1,"minecraft:stone":106,"byg:fairy_slipper":1,"supplementaries:wall_lantern":1,"minecraft:tripwire":4,"vinery:jungle_grape_bush_red":2,"minecraft:torch":2,"minecraft:calcite":3,"byg:imbued_blue_enchanted_log":1,"minecraft:polished_andesite_stairs":4,"minecraft:cobblestone":4,"minecraft:wall_torch":6,"byg:lush_grass_block":8,"galosphere:allurite_block":7,"byg:lush_dirt":10,"minecraft:wheat":12,"minecraft:smooth_stone_slab":4,"minecraft:grass":211,"minecraft:oak_log":27,"minecraft:coal_ore":33,"minecraft:beetroots":1,"byg:rose":3,"minecraft:gravel":11,"minecraft:dirt":1,"minecraft:tripwire_hook":6,"minecraft:oak_leaves":1,"minecraft:fern":50},"minecraft:picked_up":{"minecraft:crafting_table":1,"minecraft:wheat":1,"minecraft:chicken":3,"byg:holly_sapling":2,"byg:lush_dirt":3,"minecraft:diamond_sword":1,"minecraft:iron_leggings":1,"minecraft:gold_nugget":21,"twigs:pebble":11,"minecraft:beef":18,"minecraft:egg":1,"minecraft:furnace":3,"minecraft:stick":36,"minecraft:raw_iron":6,"minecraft:jukebox":1,"minecraft:torch":8,"minecraft:dark_oak_planks":4,"minecraft:arrow":1,"minecraft:rotten_flesh":36,"variantcraftingtables:dark_oak_crafting_table":7,"minecraft:tropical_fish":4,"minecraft:glow_berries":2,"minecraft:mutton":3,"minecraft:white_wool":4,"minecraft:cobblestone":109,"minecraft:magma_block":1,"minecraft:feather":4,"minecraft:jungle_log":16,"minecraft:leather":3,"vinery:jungle_grape_seeds_red":1,"minecraft:flint":1,"minecraft:oak_log":27,"byg:white_anemone":1,"minecraft:lantern":4,"minecraft:dirt":2,"byg:imbued_blue_enchanted_log":1,"minecraft:leather_boots":3,"minecraft:bone":5,"minecraft:apple":1,"snowyspirit:ginger_flower":4,"minecraft:wheat_seeds":55,"ftbquests:book":1,"twigs:twig":15,"byg:rose":3,"byg:fairy_slipper":1,"minecraft:gravel":10,"minecraft:dark_oak_log":51,"minecraft:leather_helmet":2,"minecraft:oak_sapling":15,"minecraft:coal":32},"minecraft:killed":{"meadow:inky_sheep":1,"minecraft:skeleton":15,"minecraft:chicken":3,"meadow:pinto_cow":9,"minecraft:tropical_fish":4,"minecraft:sheep":2,"minecraft:zombie":34},"minecraft:dropped":{"minecraft:bread":13,"minecraft:glow_berries":2,"minecraft:leather":2,"snowyspirit:ginger_flower":2,"minecraft:stick":72,"minecraft:dirt":2,"minecraft:dark_oak_log":12,"minecraft:torch":4,"minecraft:wooden_axe":1,"minecraft:gold_nugget":28,"minecraft:dark_oak_planks":72,"ftbquests:book":1,"minecraft:white_wool":2,"twigs:twig":2,"minecraft:jukebox":2,"minecraft:rotten_flesh":34,"minecraft:oak_planks":8,"minecraft:jungle_log":16,"minecraft:leather_boots":1,"byg:imbued_blue_enchanted_log":1,"minecraft:stone_pickaxe":1,"minecraft:egg":1,"byg:holly_sapling":2},"minecraft:used":{"minecraft:iron_sword":50,"minecraft:cooked_chicken":3,"minecraft:torch":11,"byg:lush_dirt":404,"minecraft:wooden_axe":92,"byg:rose":3,"minecraft:furnace":4,"minecraft:cooked_cod":4,"minecraft:cooked_beef":6,"minecraft:potato":5,"minecraft:cooked_mutton":3,"minecraft:stone_pickaxe":52,"variantcraftingtables:dark_oak_crafting_table":7,"minecraft:wooden_pickaxe":47,"byg:fairy_slipper":1,"minecraft:sand":120,"minecraft:apple":3,"minecraft:bread":9,"minecraft:iron_pickaxe":441,"minecraft:diamond_sword":161,"twigs:pebble":11},"minecraft:killed_by":{"minecraft:skeleton":5},"minecraft:broken":{"minecraft:leather_helmet":1,"minecraft:wooden_axe":1},"minecraft:custom":{"minecraft:mob_kills":68,"minecraft:interact_with_crafting_table":11,"minecraft:open_barrel":4,"minecraft:leave_game":2,"minecraft:time_since_death":75482,"minecraft:climb_one_cm":7044,"minecraft:sprint_one_cm":482767,"minecraft:walk_one_cm":577741,"minecraft:drop":38,"minecraft:play_time":174554,"minecraft:deaths":5,"minecraft:sneak_time":394,"minecraft:walk_under_water_one_cm":13930,"minecraft:jump":2107,"minecraft:interact_with_blast_furnace":5,"minecraft:walk_on_water_one_cm":21740,"minecraft:total_world_time":174554,"minecraft:interact_with_furnace":28,"minecraft:interact_with_cartography_table":1,"minecraft:tune_noteblock":33,"minecraft:sleep_in_bed":1,"minecraft:time_since_rest":65106,"minecraft:damage_taken":2356,"minecraft:damage_dealt":10725,"twilightforest:life_charms_activated":1,"minecraft:swim_one_cm":24030,"minecraft:fly_one_cm":387135,"minecraft:open_chest":58,"minecraft:crouch_one_cm":179,"minecraft:fall_one_cm":36098},"minecraft:crafted":{"minecraft:oak_planks":104,"minecraft:cooked_chicken":3,"minecraft:furnace":1,"minecraft:cooked_mutton":3,"minecraft:stone_pickaxe":2,"minecraft:dark_oak_planks":150,"minecraft:cooked_beef":19,"minecraft:wooden_pickaxe":2,"minecraft:iron_sword":1,"minecraft:cooked_salmon":1,"variantcraftingtables:dark_oak_crafting_table":1,"minecraft:stick":80,"minecraft:iron_ingot":6,"minecraft:iron_pickaxe":1,"minecraft:wooden_axe":2,"minecraft:stone_sword":1,"minecraft:torch":4}},"DataVersion":3120}