{"stats":{"minecraft:mined":{"vinery:jungle_grape_bush_red":2,"minecraft:mossy_cobblestone":4,"minecraft:dark_oak_log":52,"galosphere:allurite_cluster":1,"minecraft:torch":2,"minecraft:polished_andesite_stairs":4,"minecraft:grass_block":1,"minecraft:calcite":3,"byg:imbued_blue_enchanted_log":1,"minecraft:jungle_log":8,"twigs:twig":2,"minecraft:cobblestone":4,"byg:lush_grass_block":8,"minecraft:wall_torch":6,"minecraft:spawner":9,"snowyspirit:wild_ginger":2,"galosphere:allurite_block":7,"minecraft:magma_block":1,"byg:lush_dirt":6,"minecraft:furnace":3,"minecraft:iron_ore":6,"supplementaries:bamboo_spikes":1,"minecraft:wheat":12,"minecraft:smooth_stone_slab":4,"minecraft:grass":211,"minecraft:coal_ore":33,"minecraft:oak_log":27,"minecraft:cave_vines":2,"variantcraftingtables:dark_oak_crafting_table":7,"minecraft:beetroots":1,"minecraft:cobblestone_slab":3,"minecraft:lantern":3,"byg:rose":1,"minecraft:gravel":11,"minecraft:dirt":1,"byg:white_anemone":1,"minecraft:tripwire_hook":6,"minecraft:stone":106,"minecraft:oak_leaves":1,"supplementaries:wall_lantern":1,"byg:fairy_slipper":1,"minecraft:tripwire":4,"minecraft:fern":50},"minecraft:picked_up":{"minecraft:magma_block":1,"minecraft:crafting_table":1,"minecraft:wheat":1,"minecraft:feather":4,"byg:holly_sapling":2,"minecraft:chicken":3,"minecraft:jungle_log":16,"vinery:jungle_grape_seeds_red":1,"minecraft:leather":3,"minecraft:diamond_sword":1,"minecraft:flint":1,"minecraft:oak_log":27,"byg:white_anemone":1,"minecraft:dirt":2,"minecraft:lantern":4,"byg:imbued_blue_enchanted_log":1,"minecraft:iron_leggings":1,"minecraft:leather_boots":3,"minecraft:bone":5,"minecraft:apple":1,"snowyspirit:ginger_flower":4,"minecraft:wheat_seeds":53,"minecraft:gold_nugget":21,"ftbquests:book":1,"twigs:pebble":11,"minecraft:beef":18,"twigs:twig":15,"minecraft:furnace":3,"byg:rose":1,"minecraft:egg":1,"minecraft:stick":36,"minecraft:raw_iron":6,"minecraft:jukebox":1,"minecraft:torch":8,"byg:fairy_slipper":1,"minecraft:gravel":10,"minecraft:dark_oak_log":51,"minecraft:leather_helmet":2,"minecraft:dark_oak_planks":4,"minecraft:arrow":1,"minecraft:rotten_flesh":34,"variantcraftingtables:dark_oak_crafting_table":7,"minecraft:oak_sapling":15,"minecraft:glow_berries":2,"minecraft:mutton":3,"minecraft:coal":32,"minecraft:white_wool":4,"minecraft:cobblestone":109},"minecraft:killed":{"meadow:inky_sheep":1,"minecraft:skeleton":15,"minecraft:sheep":2,"minecraft:zombie":32,"minecraft:chicken":3,"meadow:pinto_cow":9},"minecraft:dropped":{"minecraft:bread":13,"minecraft:jukebox":2,"minecraft:rotten_flesh":34,"minecraft:glow_berries":2,"minecraft:oak_planks":8,"minecraft:leather":2,"snowyspirit:ginger_flower":2,"minecraft:stick":72,"minecraft:dirt":2,"minecraft:dark_oak_log":12,"minecraft:torch":4,"minecraft:wooden_axe":1,"minecraft:jungle_log":16,"minecraft:leather_boots":1,"minecraft:gold_nugget":28,"byg:imbued_blue_enchanted_log":1,"minecraft:stone_pickaxe":1,"minecraft:dark_oak_planks":72,"ftbquests:book":1,"minecraft:white_wool":2,"twigs:twig":2,"minecraft:egg":1,"byg:holly_sapling":2},"minecraft:used":{"minecraft:cooked_mutton":2,"minecraft:stone_pickaxe":52,"variantcraftingtables:dark_oak_crafting_table":7,"minecraft:wooden_pickaxe":47,"minecraft:iron_sword":50,"minecraft:cooked_chicken":3,"minecraft:torch":9,"minecraft:wooden_axe":92,"minecraft:apple":3,"minecraft:bread":9,"minecraft:iron_pickaxe":436,"minecraft:diamond_sword":149,"minecraft:furnace":4,"minecraft:cooked_cod":4,"twigs:pebble":11,"minecraft:cooked_beef":4,"minecraft:potato":5},"minecraft:killed_by":{"minecraft:skeleton":5},"minecraft:broken":{"minecraft:leather_helmet":1,"minecraft:wooden_axe":1},"minecraft:custom":{"minecraft:interact_with_furnace":24,"minecraft:mob_kills":62,"minecraft:interact_with_crafting_table":11,"minecraft:interact_with_cartography_table":1,"minecraft:tune_noteblock":33,"minecraft:open_barrel":4,"minecraft:leave_game":2,"minecraft:time_since_death":49797,"minecraft:sleep_in_bed":1,"minecraft:climb_one_cm":7044,"minecraft:time_since_rest":39421,"minecraft:sprint_one_cm":450576,"minecraft:damage_taken":2275,"minecraft:walk_one_cm":542023,"minecraft:drop":38,"minecraft:damage_dealt":10385,"twilightforest:life_charms_activated":1,"minecraft:crouch_one_cm":26,"minecraft:swim_one_cm":21938,"minecraft:fly_one_cm":312983,"minecraft:open_chest":56,"minecraft:play_time":148869,"minecraft:sneak_time":237,"minecraft:deaths":5,"minecraft:walk_under_water_one_cm":10275,"minecraft:jump":1932,"minecraft:interact_with_blast_furnace":5,"minecraft:walk_on_water_one_cm":11211,"minecraft:fall_one_cm":33074,"minecraft:total_world_time":148869},"minecraft:crafted":{"minecraft:cooked_beef":19,"minecraft:oak_planks":104,"minecraft:wooden_pickaxe":2,"minecraft:cooked_chicken":3,"minecraft:iron_sword":1,"minecraft:furnace":1,"minecraft:cooked_salmon":1,"minecraft:cooked_mutton":3,"variantcraftingtables:dark_oak_crafting_table":1,"minecraft:stick":80,"minecraft:iron_ingot":6,"minecraft:stone_pickaxe":2,"minecraft:iron_pickaxe":1,"minecraft:wooden_axe":2,"minecraft:stone_sword":1,"minecraft:dark_oak_planks":150,"minecraft:torch":4}},"DataVersion":3120}