{"stats":{"minecraft:mined":{"minecraft:deepslate_redstone_ore":6,"minecraft:mud_brick_slab":1,"minecraft:crafting_table":4,"minecraft:short_grass":29,"minecraft:grass_block":324,"minecraft:tall_grass":2,"minecraft:spruce_leaves":17,"minecraft:lapis_ore":2,"minecraft:diorite":2,"minecraft:wall_torch":3,"minecraft:red_terracotta":4,"minecraft:blue_terracotta":7,"minecraft:furnace":2,"minecraft:iron_ore":29,"minecraft:spruce_log":10,"minecraft:andesite":14,"minecraft:deepslate_lapis_ore":1,"minecraft:dirt_path":1,"minecraft:coal_ore":82,"minecraft:deepslate_iron_ore":6,"minecraft:dirt":96,"minecraft:stone":54,"minecraft:deepslate":31},"minecraft:killed":{"minecraft:pig":1,"minecraft:rabbit":3,"minecraft:creeper":1,"minecraft:skeleton":2,"minecraft:sheep":2,"minecraft:zombie":10,"minecraft:fox":1,"minecraft:chicken":2},"minecraft:broken":{"minecraft:stone_pickaxe":1,"minecraft:iron_shovel":1,"minecraft:wooden_shovel":1},"minecraft:crafted":{"minecraft:wooden_sword":1,"minecraft:wooden_shovel":1,"minecraft:cooked_porkchop":3,"minecraft:crafting_table":1,"minecraft:spruce_planks":30,"minecraft:wooden_pickaxe":1,"minecraft:iron_helmet":1,"minecraft:iron_sword":1,"minecraft:furnace":1,"minecraft:stone_axe":1,"minecraft:cooked_mutton":3,"minecraft:iron_boots":1,"minecraft:iron_axe":1,"minecraft:stick":28,"minecraft:iron_ingot":34,"minecraft:iron_pickaxe":1,"minecraft:stone_pickaxe":1,"minecraft:stone_sword":1,"minecraft:iron_shovel":3,"minecraft:torch":4,"minecraft:cooked_rabbit":3},"minecraft:picked_up":{"minecraft:crafting_table":4,"minecraft:mud_brick_slab":2,"minecraft:feather":3,"minecraft:chicken":2,"minecraft:andesite":20,"minecraft:wooden_pickaxe":1,"minecraft:lapis_lazuli":30,"minecraft:dirt":435,"minecraft:iron_axe":1,"minecraft:wooden_sword":1,"minecraft:bone":2,"minecraft:wheat_seeds":21,"minecraft:cobbled_deepslate":30,"minecraft:rabbit_hide":2,"minecraft:spruce_planks":12,"minecraft:iron_ingot":1,"minecraft:wooden_shovel":1,"minecraft:iron_pickaxe":1,"minecraft:rabbit":3,"minecraft:iron_sword":1,"minecraft:iron_boots":1,"minecraft:furnace":2,"minecraft:stick":2,"minecraft:raw_iron":37,"minecraft:cooked_porkchop":2,"minecraft:torch":9,"minecraft:porkchop":3,"minecraft:spruce_sapling":6,"minecraft:diorite":2,"minecraft:spruce_log":8,"minecraft:redstone":27,"minecraft:red_terracotta":8,"minecraft:stone_sword":1,"minecraft:blue_terracotta":14,"minecraft:rotten_flesh":6,"minecraft:stone_axe":1,"minecraft:iron_helmet":1,"minecraft:hay_block":1,"minecraft:bread":61,"minecraft:mutton":3,"minecraft:coal":184,"minecraft:white_wool":4,"minecraft:cobblestone":56},"minecraft:custom":{"minecraft:interact_with_furnace":43,"minecraft:mob_kills":25,"minecraft:interact_with_crafting_table":15,"minecraft:interact_with_stonecutter":1,"minecraft:leave_game":1,"minecraft:time_since_death":42021,"minecraft:sleep_in_bed":3,"minecraft:climb_one_cm":1272,"minecraft:time_since_rest":24655,"minecraft:sprint_one_cm":248420,"minecraft:damage_taken":973,"minecraft:walk_one_cm":343426,"minecraft:drop":2,"minecraft:damage_dealt":3897,"minecraft:swim_one_cm":1228,"minecraft:fly_one_cm":206558,"minecraft:open_chest":9,"minecraft:crouch_one_cm":1344,"minecraft:play_time":100927,"minecraft:deaths":1,"minecraft:sneak_time":1423,"minecraft:walk_under_water_one_cm":3958,"minecraft:interact_with_brewingstand":1,"minecraft:jump":1395,"minecraft:interact_with_blast_furnace":2,"minecraft:walk_on_water_one_cm":2418,"minecraft:total_world_time":100927,"minecraft:interact_with_smoker":1,"minecraft:fall_one_cm":35426},"minecraft:used":{"minecraft:cooked_mutton":3,"minecraft:stone_sword":14,"minecraft:iron_shovel":364,"minecraft:stone_pickaxe":130,"minecraft:wooden_pickaxe":14,"minecraft:iron_sword":85,"minecraft:wooden_shovel":61,"minecraft:torch":4,"minecraft:dirt":53,"minecraft:crafting_table":5,"minecraft:iron_axe":1,"minecraft:bread":8,"minecraft:iron_pickaxe":122,"minecraft:stone_axe":2,"minecraft:cobblestone":13,"minecraft:hay_block":1,"minecraft:furnace":3,"minecraft:cooked_porkchop":3,"minecraft:cooked_rabbit":3,"minecraft:cobbled_deepslate":25},"minecraft:killed_by":{"minecraft:skeleton":1},"minecraft:dropped":{"minecraft:andesite":12,"minecraft:iron_shovel":1}},"DataVersion":3955}