{"stats":{"minecraft:picked_up":{"minecraft:leather_chestplate":1,"minecraft:feather":2,"minecraft:chicken":1,"minecraft:porkchop":2,"minecraft:sand":1,"minecraft:oak_log":9,"minecraft:spruce_log":1,"minecraft:dirt":3},"minecraft:killed":{"minecraft:pig":1,"minecraft:chicken":1},"minecraft:crafted":{"minecraft:oak_planks":26,"minecraft:crafting_table":1,"minecraft:stick":10},"minecraft:custom":{"minecraft:time_since_rest":32181,"minecraft:crouch_one_cm":427,"minecraft:sprint_one_cm":31072,"minecraft:play_time":32181,"minecraft:damage_taken":60,"minecraft:walk_one_cm":36810,"minecraft:sneak_time":101,"minecraft:mob_kills":2,"minecraft:jump":126,"minecraft:damage_dealt":140,"minecraft:leave_game":5,"minecraft:time_since_death":32181,"minecraft:total_world_time":32181,"minecraft:fall_one_cm":4072,"minecraft:fly_one_cm":19742},"minecraft:mined":{"minecraft:large_fern":4,"minecraft:short_grass":1,"minecraft:oak_log":9,"minecraft:grass_block":3,"minecraft:sand":1,"minecraft:spruce_log":1,"minecraft:fern":1}},"DataVersion":4082}