{"stats":{"minecraft:mined":{"minecraft:deepslate_redstone_ore":11,"minecraft:mud_brick_slab":1,"minecraft:acacia_leaves":1,"minecraft:white_bed":1,"minecraft:deepslate_diamond_ore":1,"minecraft:oak_fence":1,"minecraft:crafting_table":5,"minecraft:short_grass":35,"minecraft:acacia_log":8,"minecraft:grass_block":325,"minecraft:tall_grass":2,"minecraft:spruce_leaves":17,"minecraft:deepslate_gold_ore":5,"minecraft:lapis_ore":2,"minecraft:diorite":2,"minecraft:wall_torch":3,"minecraft:red_terracotta":4,"minecraft:redstone_ore":7,"minecraft:blue_terracotta":7,"minecraft:furnace":2,"minecraft:wheat":1,"minecraft:iron_ore":39,"minecraft:cobbled_deepslate":4,"minecraft:spruce_log":10,"minecraft:birch_leaves":2,"minecraft:andesite":14,"minecraft:deepslate_lapis_ore":1,"minecraft:pointed_dripstone":9,"minecraft:coal_ore":155,"minecraft:dirt_path":1,"minecraft:deepslate_iron_ore":14,"minecraft:dripstone_block":3,"minecraft:dirt":96,"minecraft:stone":88,"minecraft:gold_ore":3,"minecraft:deepslate":35},"minecraft:killed":{"minecraft:pig":3,"minecraft:rabbit":3,"minecraft:creeper":1,"minecraft:skeleton":5,"minecraft:sheep":9,"minecraft:zombie":11,"minecraft:chicken":19,"minecraft:fox":1},"minecraft:broken":{"minecraft:stone_pickaxe":1,"minecraft:iron_shovel":1,"minecraft:wooden_shovel":1},"minecraft:crafted":{"minecraft:wooden_sword":1,"minecraft:wooden_shovel":1,"minecraft:cooked_porkchop":3,"minecraft:crafting_table":2,"minecraft:spruce_planks":30,"minecraft:wooden_pickaxe":1,"minecraft:iron_helmet":1,"minecraft:iron_sword":2,"minecraft:furnace":1,"minecraft:stone_axe":1,"minecraft:cooked_mutton":3,"minecraft:iron_chestplate":1,"minecraft:iron_boots":1,"minecraft:iron_axe":1,"minecraft:stick":34,"minecraft:iron_ingot":34,"minecraft:iron_pickaxe":2,"minecraft:stone_pickaxe":1,"minecraft:stone_sword":1,"minecraft:iron_shovel":3,"minecraft:white_bed":1,"minecraft:acacia_planks":30,"minecraft:torch":4,"minecraft:cooked_rabbit":3},"minecraft:picked_up":{"minecraft:mud_brick_slab":2,"minecraft:crafting_table":5,"minecraft:feather":19,"minecraft:chicken":19,"minecraft:andesite":20,"minecraft:brown_wool":1,"minecraft:wooden_pickaxe":1,"minecraft:potato":1,"minecraft:lapis_lazuli":30,"minecraft:dirt":436,"minecraft:iron_axe":1,"minecraft:wooden_sword":1,"minecraft:bone":4,"minecraft:wheat_seeds":23,"minecraft:cobbled_deepslate":38,"minecraft:raw_gold":8,"minecraft:rabbit_hide":2,"minecraft:spruce_planks":12,"minecraft:iron_ingot":1,"minecraft:azalea":2,"minecraft:wooden_shovel":1,"minecraft:iron_pickaxe":1,"minecraft:rabbit":3,"minecraft:iron_sword":1,"minecraft:iron_boots":1,"minecraft:furnace":2,"minecraft:stick":2,"minecraft:raw_iron":55,"minecraft:cooked_porkchop":2,"minecraft:oak_fence":1,"minecraft:torch":9,"minecraft:acacia_log":8,"minecraft:porkchop":8,"minecraft:spruce_sapling":6,"minecraft:pointed_dripstone":13,"minecraft:diorite":2,"minecraft:white_bed":1,"minecraft:spruce_log":8,"minecraft:redstone":82,"minecraft:red_terracotta":8,"minecraft:stone_sword":1,"minecraft:blue_terracotta":14,"minecraft:rotten_flesh":7,"minecraft:diamond":1,"minecraft:stone_axe":1,"minecraft:hay_block":1,"minecraft:iron_helmet":1,"minecraft:bread":61,"minecraft:black_wool":1,"minecraft:mutton":11,"minecraft:coal":257,"minecraft:white_wool":8,"minecraft:cobblestone":89},"minecraft:custom":{"minecraft:interact_with_furnace":44,"minecraft:mob_kills":55,"minecraft:interact_with_cartography_table":1,"minecraft:interact_with_crafting_table":18,"minecraft:interact_with_stonecutter":1,"minecraft:leave_game":2,"minecraft:time_since_death":18200,"minecraft:sleep_in_bed":4,"minecraft:climb_one_cm":1272,"minecraft:time_since_rest":18384,"minecraft:sprint_one_cm":361214,"minecraft:damage_taken":1367,"minecraft:walk_one_cm":495465,"minecraft:drop":10,"minecraft:damage_dealt":6376,"minecraft:swim_one_cm":2661,"minecraft:fly_one_cm":285938,"minecraft:open_chest":17,"minecraft:play_time":137604,"minecraft:crouch_one_cm":1908,"minecraft:sneak_time":1703,"minecraft:deaths":2,"minecraft:walk_under_water_one_cm":6685,"minecraft:interact_with_brewingstand":1,"minecraft:jump":2042,"minecraft:interact_with_blast_furnace":2,"minecraft:walk_on_water_one_cm":6508,"minecraft:total_world_time":137604,"minecraft:interact_with_smoker":1,"minecraft:fall_one_cm":50234},"minecraft:used":{"minecraft:wheat_seeds":1,"minecraft:cooked_mutton":3,"minecraft:stone_sword":14,"minecraft:iron_shovel":364,"minecraft:stone_pickaxe":130,"minecraft:wooden_pickaxe":14,"minecraft:iron_sword":153,"minecraft:wooden_shovel":61,"minecraft:torch":4,"minecraft:dirt":71,"minecraft:crafting_table":6,"minecraft:white_bed":1,"minecraft:iron_axe":1,"minecraft:bread":12,"minecraft:iron_pickaxe":294,"minecraft:stone_axe":2,"minecraft:cobblestone":17,"minecraft:hay_block":1,"minecraft:furnace":3,"minecraft:cooked_porkchop":3,"minecraft:cooked_rabbit":3,"minecraft:cobbled_deepslate":36},"minecraft:killed_by":{"minecraft:skeleton":1,"minecraft:creeper":1},"minecraft:dropped":{"minecraft:rotten_flesh":6,"minecraft:oak_fence":1,"minecraft:feather":5,"minecraft:diorite":2,"minecraft:andesite":12,"minecraft:wooden_sword":1,"minecraft:wooden_pickaxe":1,"minecraft:iron_shovel":1,"minecraft:spruce_sapling":3}},"DataVersion":3955}