{"stats":{"minecraft:picked_up":{"minecraft:feather":2,"minecraft:chicken":1,"minecraft:porkchop":2,"minecraft:sand":1,"minecraft:spruce_log":1,"minecraft:dirt":3},"minecraft:killed":{"minecraft:pig":1,"minecraft:chicken":1},"minecraft:custom":{"minecraft:time_since_rest":27248,"minecraft:crouch_one_cm":340,"minecraft:sprint_one_cm":18709,"minecraft:play_time":27248,"minecraft:damage_taken":60,"minecraft:walk_one_cm":25706,"minecraft:sneak_time":89,"minecraft:mob_kills":2,"minecraft:jump":87,"minecraft:damage_dealt":140,"minecraft:leave_game":4,"minecraft:time_since_death":27248,"minecraft:total_world_time":27248,"minecraft:fall_one_cm":3178,"minecraft:fly_one_cm":11812},"minecraft:mined":{"minecraft:large_fern":4,"minecraft:grass_block":3,"minecraft:sand":1,"minecraft:spruce_log":1,"minecraft:fern":1}},"DataVersion":4082}