{"stats":{"minecraft:mined":{"minecraft:deepslate_redstone_ore":11,"minecraft:mud_brick_slab":1,"minecraft:acacia_leaves":1,"minecraft:white_bed":1,"minecraft:deepslate_diamond_ore":1,"minecraft:short_grass":35,"minecraft:oak_fence":1,"minecraft:crafting_table":6,"minecraft:torch":1,"minecraft:acacia_log":8,"minecraft:grass_block":325,"minecraft:tall_grass":2,"minecraft:spruce_leaves":17,"minecraft:deepslate_gold_ore":5,"minecraft:lapis_ore":7,"minecraft:diorite":6,"minecraft:wall_torch":3,"minecraft:red_terracotta":4,"minecraft:redstone_ore":7,"minecraft:blue_terracotta":7,"minecraft:furnace":3,"minecraft:iron_ore":39,"minecraft:cobbled_deepslate":4,"minecraft:wheat":1,"minecraft:spruce_log":10,"minecraft:birch_leaves":2,"minecraft:andesite":14,"minecraft:deepslate_lapis_ore":1,"minecraft:pointed_dripstone":9,"minecraft:coal_ore":172,"minecraft:dirt_path":1,"minecraft:deepslate_iron_ore":14,"minecraft:dripstone_block":3,"minecraft:dirt":96,"minecraft:stone":98,"minecraft:gold_ore":3,"minecraft:deepslate":35},"minecraft:killed":{"minecraft:pig":3,"minecraft:rabbit":3,"minecraft:creeper":1,"minecraft:skeleton":5,"minecraft:sheep":9,"minecraft:zombie":12,"minecraft:fox":1,"minecraft:chicken":19},"minecraft:broken":{"minecraft:stone_pickaxe":1,"minecraft:iron_shovel":1,"minecraft:wooden_shovel":1},"minecraft:crafted":{"minecraft:wooden_sword":1,"minecraft:wooden_shovel":1,"minecraft:cooked_porkchop":3,"minecraft:crafting_table":3,"minecraft:spruce_planks":30,"minecraft:cooked_chicken":13,"minecraft:wooden_pickaxe":1,"minecraft:iron_helmet":1,"minecraft:iron_sword":2,"minecraft:furnace":2,"minecraft:stone_axe":1,"minecraft:cooked_mutton":8,"minecraft:iron_boots":1,"minecraft:iron_chestplate":1,"minecraft:iron_axe":1,"minecraft:stick":34,"minecraft:iron_ingot":34,"minecraft:iron_pickaxe":2,"minecraft:stone_pickaxe":1,"minecraft:stone_sword":1,"minecraft:iron_shovel":3,"minecraft:white_bed":1,"minecraft:acacia_planks":30,"minecraft:torch":8,"minecraft:cooked_rabbit":3},"minecraft:picked_up":{"minecraft:mud_brick_slab":2,"minecraft:crafting_table":6,"minecraft:feather":19,"minecraft:chicken":19,"minecraft:andesite":20,"minecraft:brown_wool":1,"minecraft:wooden_pickaxe":1,"minecraft:potato":1,"minecraft:lapis_lazuli":30,"minecraft:dirt":436,"minecraft:iron_axe":1,"minecraft:wooden_sword":1,"minecraft:bone":4,"minecraft:wheat_seeds":23,"minecraft:cobbled_deepslate":38,"minecraft:raw_gold":8,"minecraft:rabbit_hide":2,"minecraft:spruce_planks":12,"minecraft:iron_ingot":33,"minecraft:azalea":2,"minecraft:wooden_shovel":1,"minecraft:iron_pickaxe":1,"minecraft:rabbit":3,"minecraft:iron_sword":1,"minecraft:iron_boots":1,"minecraft:furnace":3,"minecraft:stick":2,"minecraft:raw_iron":55,"minecraft:cooked_porkchop":2,"minecraft:oak_fence":1,"minecraft:torch":10,"minecraft:acacia_log":8,"minecraft:porkchop":8,"minecraft:white_bed":1,"minecraft:spruce_log":8,"minecraft:spruce_sapling":6,"minecraft:pointed_dripstone":13,"minecraft:diorite":2,"minecraft:carrot":1,"minecraft:redstone":82,"minecraft:red_terracotta":8,"minecraft:stone_sword":1,"minecraft:blue_terracotta":14,"minecraft:rotten_flesh":9,"minecraft:diamond":1,"minecraft:stone_axe":1,"minecraft:hay_block":1,"minecraft:iron_helmet":1,"minecraft:bread":61,"minecraft:black_wool":1,"minecraft:mutton":11,"minecraft:coal":273,"minecraft:white_wool":8,"minecraft:cobblestone":106},"minecraft:custom":{"minecraft:interact_with_furnace":52,"minecraft:mob_kills":56,"minecraft:interact_with_crafting_table":20,"minecraft:interact_with_cartography_table":1,"minecraft:interact_with_stonecutter":1,"minecraft:leave_game":6,"minecraft:time_since_death":32920,"minecraft:climb_one_cm":1272,"minecraft:sleep_in_bed":4,"minecraft:time_since_rest":33104,"minecraft:sprint_one_cm":373547,"minecraft:damage_taken":1676,"minecraft:walk_one_cm":530404,"minecraft:drop":11,"minecraft:damage_dealt":6634,"minecraft:swim_one_cm":2661,"minecraft:fly_one_cm":377511,"minecraft:open_chest":22,"minecraft:play_time":152324,"minecraft:crouch_one_cm":2013,"minecraft:sneak_time":1873,"minecraft:deaths":2,"minecraft:walk_under_water_one_cm":6685,"minecraft:interact_with_brewingstand":1,"minecraft:jump":2154,"minecraft:interact_with_blast_furnace":2,"minecraft:walk_on_water_one_cm":6508,"minecraft:total_world_time":152324,"minecraft:interact_with_smoker":1,"minecraft:fall_one_cm":53236},"minecraft:used":{"minecraft:cooked_mutton":6,"minecraft:wheat_seeds":1,"minecraft:stone_sword":14,"minecraft:iron_shovel":364,"minecraft:stone_pickaxe":130,"minecraft:wooden_pickaxe":14,"minecraft:cooked_chicken":1,"minecraft:iron_sword":165,"minecraft:wooden_shovel":61,"minecraft:torch":5,"minecraft:dirt":71,"minecraft:crafting_table":7,"minecraft:white_bed":1,"minecraft:bread":12,"minecraft:iron_pickaxe":333,"minecraft:iron_axe":1,"minecraft:stone_axe":2,"minecraft:cobblestone":18,"minecraft:furnace":4,"minecraft:hay_block":1,"minecraft:cooked_porkchop":3,"minecraft:cooked_rabbit":3,"minecraft:cobbled_deepslate":36},"minecraft:killed_by":{"minecraft:skeleton":1,"minecraft:creeper":1},"minecraft:dropped":{"minecraft:rotten_flesh":6,"minecraft:oak_fence":1,"minecraft:feather":5,"minecraft:carrot":1,"minecraft:diorite":2,"minecraft:andesite":12,"minecraft:wooden_sword":1,"minecraft:wooden_pickaxe":1,"minecraft:iron_shovel":1,"minecraft:spruce_sapling":3}},"DataVersion":3955}