{"stats":{"minecraft:mined":{"minecraft:deepslate_redstone_ore":11,"minecraft:mud_brick_slab":1,"minecraft:white_bed":1,"minecraft:deepslate_diamond_ore":1,"minecraft:oak_fence":1,"minecraft:crafting_table":5,"minecraft:short_grass":29,"minecraft:grass_block":324,"minecraft:tall_grass":2,"minecraft:deepslate_gold_ore":5,"minecraft:spruce_leaves":17,"minecraft:lapis_ore":2,"minecraft:diorite":2,"minecraft:wall_torch":3,"minecraft:red_terracotta":4,"minecraft:redstone_ore":7,"minecraft:blue_terracotta":7,"minecraft:furnace":2,"minecraft:iron_ore":37,"minecraft:cobbled_deepslate":4,"minecraft:birch_leaves":2,"minecraft:spruce_log":10,"minecraft:andesite":14,"minecraft:deepslate_lapis_ore":1,"minecraft:pointed_dripstone":9,"minecraft:dirt_path":1,"minecraft:coal_ore":85,"minecraft:deepslate_iron_ore":14,"minecraft:dripstone_block":3,"minecraft:dirt":96,"minecraft:stone":59,"minecraft:gold_ore":3,"minecraft:deepslate":35},"minecraft:killed":{"minecraft:pig":3,"minecraft:rabbit":3,"minecraft:creeper":1,"minecraft:skeleton":5,"minecraft:sheep":5,"minecraft:zombie":11,"minecraft:fox":1,"minecraft:chicken":6},"minecraft:broken":{"minecraft:stone_pickaxe":1,"minecraft:iron_shovel":1,"minecraft:wooden_shovel":1},"minecraft:crafted":{"minecraft:wooden_sword":1,"minecraft:wooden_shovel":1,"minecraft:cooked_porkchop":3,"minecraft:crafting_table":2,"minecraft:spruce_planks":30,"minecraft:wooden_pickaxe":1,"minecraft:iron_helmet":1,"minecraft:iron_sword":1,"minecraft:furnace":1,"minecraft:stone_axe":1,"minecraft:cooked_mutton":3,"minecraft:iron_boots":1,"minecraft:iron_axe":1,"minecraft:stick":28,"minecraft:iron_ingot":34,"minecraft:iron_pickaxe":1,"minecraft:stone_pickaxe":1,"minecraft:stone_sword":1,"minecraft:iron_shovel":3,"minecraft:white_bed":1,"minecraft:torch":4,"minecraft:cooked_rabbit":3},"minecraft:picked_up":{"minecraft:crafting_table":5,"minecraft:mud_brick_slab":2,"minecraft:feather":5,"minecraft:chicken":6,"minecraft:andesite":20,"minecraft:wooden_pickaxe":1,"minecraft:potato":1,"minecraft:lapis_lazuli":30,"minecraft:dirt":435,"minecraft:iron_axe":1,"minecraft:wooden_sword":1,"minecraft:bone":4,"minecraft:wheat_seeds":21,"minecraft:cobbled_deepslate":38,"minecraft:raw_gold":8,"minecraft:rabbit_hide":2,"minecraft:spruce_planks":12,"minecraft:iron_ingot":1,"minecraft:wooden_shovel":1,"minecraft:iron_pickaxe":1,"minecraft:rabbit":3,"minecraft:iron_sword":1,"minecraft:iron_boots":1,"minecraft:furnace":2,"minecraft:stick":2,"minecraft:raw_iron":53,"minecraft:cooked_porkchop":2,"minecraft:oak_fence":1,"minecraft:torch":9,"minecraft:porkchop":8,"minecraft:pointed_dripstone":13,"minecraft:white_bed":1,"minecraft:spruce_sapling":6,"minecraft:diorite":2,"minecraft:spruce_log":8,"minecraft:redstone":82,"minecraft:red_terracotta":8,"minecraft:stone_sword":1,"minecraft:blue_terracotta":14,"minecraft:rotten_flesh":7,"minecraft:diamond":1,"minecraft:stone_axe":1,"minecraft:iron_helmet":1,"minecraft:hay_block":1,"minecraft:bread":61,"minecraft:black_wool":1,"minecraft:mutton":6,"minecraft:coal":187,"minecraft:white_wool":6,"minecraft:cobblestone":61},"minecraft:custom":{"minecraft:interact_with_furnace":43,"minecraft:mob_kills":38,"minecraft:interact_with_crafting_table":16,"minecraft:interact_with_stonecutter":1,"minecraft:leave_game":2,"minecraft:time_since_death":1869,"minecraft:sleep_in_bed":4,"minecraft:climb_one_cm":1272,"minecraft:time_since_rest":2053,"minecraft:sprint_one_cm":328541,"minecraft:damage_taken":1337,"minecraft:walk_one_cm":411205,"minecraft:drop":10,"minecraft:damage_dealt":5521,"minecraft:swim_one_cm":1228,"minecraft:fly_one_cm":250924,"minecraft:open_chest":11,"minecraft:crouch_one_cm":1884,"minecraft:play_time":121273,"minecraft:deaths":2,"minecraft:sneak_time":1656,"minecraft:walk_under_water_one_cm":4446,"minecraft:interact_with_brewingstand":1,"minecraft:jump":1668,"minecraft:interact_with_blast_furnace":2,"minecraft:walk_on_water_one_cm":2489,"minecraft:total_world_time":121273,"minecraft:interact_with_smoker":1,"minecraft:fall_one_cm":42694},"minecraft:used":{"minecraft:cooked_mutton":3,"minecraft:stone_sword":14,"minecraft:iron_shovel":364,"minecraft:stone_pickaxe":130,"minecraft:wooden_pickaxe":14,"minecraft:iron_sword":124,"minecraft:wooden_shovel":61,"minecraft:torch":4,"minecraft:dirt":71,"minecraft:crafting_table":6,"minecraft:white_bed":1,"minecraft:iron_axe":1,"minecraft:bread":12,"minecraft:iron_pickaxe":191,"minecraft:stone_axe":2,"minecraft:cobblestone":13,"minecraft:hay_block":1,"minecraft:furnace":3,"minecraft:cooked_porkchop":3,"minecraft:cooked_rabbit":3,"minecraft:cobbled_deepslate":36},"minecraft:killed_by":{"minecraft:skeleton":1,"minecraft:creeper":1},"minecraft:dropped":{"minecraft:oak_fence":1,"minecraft:rotten_flesh":6,"minecraft:feather":5,"minecraft:diorite":2,"minecraft:andesite":12,"minecraft:wooden_sword":1,"minecraft:wooden_pickaxe":1,"minecraft:iron_shovel":1,"minecraft:spruce_sapling":3}},"DataVersion":3955}