{"stats":{"minecraft:killed_by":{"minecraft:player":1},"minecraft:dropped":{"byg:biomepedia":1,"minecraft:bread":1,"minecraft:wheat_seeds":2,"minecraft:tnt":2,"minecraft:lapis_ore":1,"minecraft:glow_berries":2,"seasonsextras:seasonal_compendium":1,"ftbquests:book":1,"minecraft:acacia_planks":128,"adventurez:handbook":1,"byg:holly_sapling":1},"minecraft:mined":{"minecraft:tuff":1,"minecraft:cave_vines_plant":5,"minecraft:cave_vines":15,"minecraft:tall_grass":1,"minecraft:deepslate":44},"minecraft:custom":{"minecraft:time_since_rest":42092,"minecraft:inspect_dropper":3,"minecraft:interact_with_furnace":2,"minecraft:sprint_one_cm":30799,"minecraft:damage_taken":915,"minecraft:walk_one_cm":37990,"minecraft:mob_kills":13,"minecraft:interact_with_anvil":3,"minecraft:drop":15,"minecraft:damage_dealt":115,"twilightforest:life_charms_activated":1,"minecraft:swim_one_cm":20299,"minecraft:interact_with_crafting_table":1,"minecraft:fly_one_cm":638089,"minecraft:player_kills":2,"minecraft:open_chest":2,"minecraft:crouch_one_cm":7556,"minecraft:play_time":60996,"minecraft:deaths":1,"minecraft:sneak_time":3981,"minecraft:walk_under_water_one_cm":17234,"minecraft:jump":290,"minecraft:leave_game":1,"minecraft:walk_on_water_one_cm":13202,"minecraft:time_since_death":42058,"minecraft:climb_one_cm":984,"minecraft:total_world_time":60996,"minecraft:inspect_dispenser":29,"minecraft:fall_one_cm":6951},"minecraft:picked_up":{"vinery:jungle_grape_seeds_red":2,"minecraft:sand":4,"minecraft:tuff":1,"twilightforest:hydra_spawn_egg":47,"minecraft:dirt":1,"minecraft:tnt":32,"minecraft:acacia_planks":64,"rottencreatures:tnt_barrel":17,"minecraft:wheat_seeds":2,"minecraft:cobbled_deepslate":46,"minecraft:stone_pickaxe":1,"minecraft:glow_berries":28,"minecraft:cobblestone":3},"minecraft:killed":{"bygonenether:wraither":3,"adventurez:skeleton_vanguard":3,"minecraft:wither_skeleton":4,"minecraft:player":2,"bygonenether:wex":3},"minecraft:crafted":{"minecraft:stick":4,"variantcraftingtables:acacia_crafting_table":1,"minecraft:acacia_planks":256},"minecraft:used":{"minecraft:warden_spawn_egg":3,"minecraft:redstone_torch":3,"minecraft:lever":7,"twilightforest:hydra_spawn_egg":7,"minecraft:dropper":1,"minecraft:wither_skeleton_skull":17,"minecraft:flint_and_steel":11,"minecraft:dispenser":22,"minecraft:redstone":48,"minecraft:bread":2,"minecraft:stone_pickaxe":46,"minecraft:redstone_block":19,"twilightforest:alpha_yeti_trophy":2,"twilightforest:armored_giant_spawn_egg":42,"adventurez:spawn_stone_golem":9,"minecraft:repeater":10,"betternether:spawn_egg_naga":3,"minecraft:glow_berries":26,"minecraft:soul_sand":170,"minecraft:anvil":3,"minecraft:tnt":13,"twilightforest:naga_spawn_egg":3,"minecraft:tuff":1,"minecraft:cobbled_deepslate":27,"adventurez:spawn_amethyst_golem":7,"minecraft:milk_bucket":1}},"DataVersion":3120}