{"stats":{"minecraft:killed_by":{"minecraft:wither":1,"minecraft:player":3,"minecraft:wither_skeleton":1,"minecraft:skeleton":2},"minecraft:mined":{"minecraft:cobbled_deepslate":1,"twigs:azalea_flowers":3,"minecraft:clay":14,"minecraft:cave_vines_plant":1,"minecraft:grass":2,"minecraft:cobblestone":1,"minecraft:deepslate":61,"minecraft:fern":2},"minecraft:custom":{"minecraft:time_since_rest":5451,"minecraft:interact_with_furnace":3,"minecraft:sprint_one_cm":39351,"minecraft:damage_taken":3117,"minecraft:walk_one_cm":84022,"minecraft:damage_dealt":421,"minecraft:swim_one_cm":16716,"minecraft:interact_with_crafting_table":4,"minecraft:fly_one_cm":368583,"minecraft:crouch_one_cm":6390,"minecraft:play_time":46022,"minecraft:deaths":10,"minecraft:sneak_time":1577,"minecraft:walk_under_water_one_cm":29755,"minecraft:jump":569,"minecraft:leave_game":2,"minecraft:time_since_death":5305,"minecraft:walk_on_water_one_cm":70586,"minecraft:total_world_time":46022,"minecraft:climb_one_cm":1595,"minecraft:fall_one_cm":15009},"minecraft:picked_up":{"minecraft:lapis_ore":1,"minecraft:sandstone":15,"minecraft:clay_ball":48,"minecraft:jungle_log":4,"minecraft:big_dripleaf":1,"minecraft:sand":107,"minecraft:wither_rose":8,"twigs:azalea_flowers":4,"minecraft:redstone":2,"minecraft:dirt":6,"minecraft:dark_oak_planks":64,"minecraft:tnt":78,"minecraft:blackstone":5,"minecraft:bone":9,"minecraft:stone_sword":1,"minecraft:acacia_planks":64,"rottencreatures:tnt_barrel":1,"minecraft:cobbled_deepslate":48,"netherdepthsupgrade:lava_pufferfish":1,"minecraft:jungle_sapling":2,"minecraft:bread":1,"galosphere:raw_silver":2,"twigs:twig":4,"minecraft:glow_berries":2,"minecraft:coal":1,"minecraft:nether_star":1,"minecraft:cobblestone":8},"minecraft:crafted":{"variantcraftingtables:dark_oak_crafting_table":1,"minecraft:wooden_shovel":1,"minecraft:stick":12,"minecraft:wooden_pickaxe":1,"minecraft:iron_ingot":4,"minecraft:iron_pickaxe":1},"minecraft:used":{"twilightforest:carminite_ghastguard_spawn_egg":33,"minecraft:stone_sword":4,"twilightforest:ur_ghast_spawn_egg":17,"twilightforest:troll_spawn_egg":1,"minecraft:bread":1,"minecraft:iron_pickaxe":62,"variantcraftingtables:dark_oak_crafting_table":1,"minecraft:wooden_pickaxe":6,"minecraft:wooden_shovel":7,"twilightforest:armored_giant_spawn_egg":6,"galosphere:specterpillar_spawn_egg":15,"minecraft:glow_berries":2,"bygonenether:corpor_spawn_egg":8,"twilightforest:giant_miner_spawn_egg":82,"bygonenether:wraither_spawn_egg":254,"minecraft:acacia_planks":2}},"DataVersion":3120}