{
  "ecologics:recipes/ecologics/walnut_boat": {
    "criteria": {
      "in_water": "2024-06-04 07:08:43 +0000"
    },
    "done": true
  },
  "minecraft:recipes/redstone/lever": {
    "criteria": {
      "has_cobblestone": "2024-06-04 07:30:08 +0000"
    },
    "done": true
  },
  "betterend:recipes/decorations/jellyshroom_fence": {
    "criteria": {
      "has_780_stick": "2024-06-04 07:14:32 +0000"
    },
    "done": true
  },
  "betterend:recipes/decorations/tenanea_gate": {
    "criteria": {
      "has_704_stick": "2024-06-04 07:14:31 +0000"
    },
    "done": true
  },
  "minecraft:recipes/redstone/acacia_button": {
    "criteria": {
      "has_planks": "2024-06-04 07:14:11 +0000"
    },
    "done": true
  },
  "edenring:recipes/decorations/pulse_tree_ladder": {
    "criteria": {
      "has_1325_stick": "2024-06-04 07:14:31 +0000"
    },
    "done": true
  },
  "naturescompass:natures_compass": {
    "criteria": {
      "has_compass": "2024-06-04 07:05:38 +0000"
    },
    "done": true
  },
  "biomemakeover:biomemakeover/root": {
    "criteria": {
      "enter_mushroom_fields": "2024-06-04 07:05:39 +0000",
      "enter_swamp": "2024-06-04 07:05:39 +0000",
      "enter_dark_forest": "2024-06-04 07:05:39 +0000",
      "enter_badlands": "2024-06-04 07:05:39 +0000"
    },
    "done": true
  },
  "minecraft:recipes/building_blocks/polished_deepslate": {
    "criteria": {
      "has_cobbled_deepslate": "2024-06-04 07:12:23 +0000"
    },
    "done": true
  },
  "minecraft:recipes/building_blocks/chiseled_deepslate_from_cobbled_deepslate_stonecutting": {
    "criteria": {
      "has_cobbled_deepslate": "2024-06-04 07:12:23 +0000"
    },
    "done": true
  },
  "minecraft:recipes/building_blocks/lime_concrete_powder": {
    "criteria": {
      "has_sand": "2024-06-04 07:29:00 +0000"
    },
    "done": true
  },
  "minecraft:recipes/building_blocks/yellow_concrete_powder": {
    "criteria": {
      "has_sand": "2024-06-04 07:29:00 +0000"
    },
    "done": true
  },
  "stoneworks:recipes/stoneworks.main/tuff_shingle_wall_from_tuff_stonecutting": {
    "criteria": {
      "has_tuff": "2024-06-04 07:13:13 +0000"
    },
    "done": true
  },
  "betternether:recipes/decorations/nether_mushroom_bar_stool": {
    "criteria": {
      "has_365_stick": "2024-06-04 07:14:31 +0000"
    },
    "done": true
  },
  "minecraft:recipes/decorations/crafting_table": {
    "criteria": {
      "has_planks": "2024-06-04 07:14:11 +0000"
    },
    "done": true
  },
  "snowyspirit:recipes/transportation/sled_acacia": {
    "criteria": {
      "has_planks": "2024-06-04 07:14:11 +0000"
    },
    "done": true
  },
  "vinery:cherry_fence": {
    "criteria": {
      "has_stick": "2024-06-04 07:14:31 +0000"
    },
    "done": true
  },
  "another_furniture:recipes/acacia_table": {
    "criteria": {
      "has_planks": "2024-06-04 07:14:11 +0000"
    },
    "done": true
  },
  "minecraft:recipes/decorations/ladder": {
    "criteria": {
      "has_stick": "2024-06-04 07:14:31 +0000"
    },
    "done": true
  },
  "betterend:recipes/tools/diamond_hammer": {
    "criteria": {
      "has_1127_stick": "2024-06-04 07:14:31 +0000"
    },
    "done": true
  },
  "betternether:recipes/decorations/nether_mushroom_ladder": {
    "criteria": {
      "has_351_stick": "2024-06-04 07:14:31 +0000"
    },
    "done": true
  },
  "minecraft:recipes/decorations/chest": {
    "criteria": {
      "has_lots_of_items": "2024-06-04 07:14:10 +0000"
    },
    "done": true
  },
  "ecologics:recipes/ecologics/flowering_azalea_boat": {
    "criteria": {
      "in_water": "2024-06-04 07:08:44 +0000"
    },
    "done": true
  },
  "minecraft:recipes/building_blocks/cobbled_deepslate_slab": {
    "criteria": {
      "has_cobbled_deepslate": "2024-06-04 07:12:23 +0000"
    },
    "done": true
  },
  "stoneworks:recipes/stoneworks.main/mossy_tuff_brick_slab_from_tuff_stonecutting": {
    "criteria": {
      "has_tuff": "2024-06-04 07:13:13 +0000"
    },
    "done": true
  },
  "minecraft:recipes/transportation/mangrove_boat": {
    "criteria": {
      "in_water": "2024-06-04 07:08:43 +0000"
    },
    "done": true
  },
  "betternether:recipes/decorations/warped_bar_stool": {
    "criteria": {
      "has_256_stick": "2024-06-04 07:14:32 +0000"
    },
    "done": true
  },
  "betternether:recipes/decorations/wart_ladder": {
    "criteria": {
      "has_165_stick": "2024-06-04 07:14:31 +0000"
    },
    "done": true
  },
  "betternether:recipes/decorations/willow_fence": {
    "criteria": {
      "has_119_stick": "2024-06-04 07:14:31 +0000"
    },
    "done": true
  },
  "minecraft:recipes/tools/wooden_shovel": {
    "criteria": {
      "has_stick": "2024-06-04 07:14:32 +0000"
    },
    "done": true
  },
  "minecraft:recipes/decorations/torch": {
    "criteria": {
      "has_stone_pickaxe": "2024-06-04 07:12:18 +0000"
    },
    "done": true
  },
  "betterend:recipes/decorations/lacugrove_fence": {
    "criteria": {
      "has_650_stick": "2024-06-04 07:14:31 +0000"
    },
    "done": true
  },
  "minecraft:recipes/misc/stick": {
    "criteria": {
      "has_planks": "2024-06-04 07:14:11 +0000"
    },
    "done": true
  },
  "betterend:recipes/tools/iron_hammer": {
    "criteria": {
      "has_1123_stick": "2024-06-04 07:14:31 +0000"
    },
    "done": true
  },
  "betterend:recipes/decorations/terminite_axe": {
    "criteria": {
      "has_1_stick": "2024-06-04 07:14:31 +0000"
    },
    "done": true
  },
  "betternether:recipes/decorations/nether_reed_taburet": {
    "criteria": {
      "has_67_stick": "2024-06-04 07:14:31 +0000"
    },
    "done": true
  },
  "edenring:recipes/decorations/balloon_mushroom_fence": {
    "criteria": {
      "has_1290_stick": "2024-06-04 07:14:31 +0000"
    },
    "done": true
  },
  "another_furniture:recipes/dark_oak_drawer": {
    "criteria": {
      "has_planks": "2024-06-04 07:14:31 +0000"
    },
    "done": true
  },
  "betternether:recipes/decorations/activator_rail": {
    "criteria": {
      "has_1195_stick": "2024-06-04 07:14:32 +0000"
    },
    "done": true
  },
  "twigs:recipes/tuff/tuff_wall": {
    "criteria": {
      "has_item": "2024-06-04 07:13:13 +0000"
    },
    "done": true
  },
  "betternether:recipes/decorations/dark_oak_bar_stool": {
    "criteria": {
      "has_252_stick": "2024-06-04 07:14:31 +0000"
    },
    "done": true
  },
  "minecraft:recipes/building_blocks/cobblestone_slab": {
    "criteria": {
      "has_cobblestone": "2024-06-04 07:30:08 +0000"
    },
    "done": true
  },
  "decorative_blocks:recipes/decorative_blocks.general/lattice": {
    "criteria": {
      "has_stick": "2024-06-04 07:14:31 +0000"
    },
    "done": true
  },
  "vinery:grapevine_lattice": {
    "criteria": {
      "has_stick": "2024-06-04 07:14:31 +0000"
    },
    "done": true
  },
  "stoneworks:recipes/stoneworks.main/chiseled_tuff_from_tuff_stonecutting": {
    "criteria": {
      "has_tuff": "2024-06-04 07:13:13 +0000"
    },
    "done": true
  },
  "minecraft:recipes/decorations/cobbled_deepslate_wall_from_cobbled_deepslate_stonecutting": {
    "criteria": {
      "has_cobbled_deepslate": "2024-06-04 07:12:23 +0000"
    },
    "done": true
  },
  "betternether:recipes/decorations/nether_sakura_bar_stool": {
    "criteria": {
      "has_433_stick": "2024-06-04 07:14:31 +0000"
    },
    "done": true
  },
  "naturescompass:natures_compass_sapling": {
    "criteria": {
      "has_recipe": "2024-06-04 07:05:38 +0000"
    },
    "done": true
  },
  "edenring:recipes/decorations/limphium_painting": {
    "criteria": {
      "has_1382_stick": "2024-06-04 07:14:31 +0000"
    },
    "done": true
  },
  "naturalist:recipes/food/cooked_egg": {
    "criteria": {
      "has_eggs": "2024-06-04 07:05:38 +0000"
    },
    "done": true
  },
  "architects_palette:recipes/building_blocks/acacia_boards": {
    "criteria": {
      "has_acacia_planks": "2024-06-04 07:14:11 +0000"
    },
    "done": true
  },
  "minecraft:recipes/building_blocks/deepslate_tile_stairs_from_cobbled_deepslate_stonecutting": {
    "criteria": {
      "has_cobbled_deepslate": "2024-06-04 07:12:23 +0000"
    },
    "done": true
  },
  "minecraft:recipes/building_blocks/light_gray_concrete_powder": {
    "criteria": {
      "has_sand": "2024-06-04 07:29:00 +0000"
    },
    "done": true
  },
  "terrestria:recipes/tools/log_turner": {
    "criteria": {
      "has_sticks": "2024-06-04 07:14:31 +0000"
    },
    "done": true
  },
  "minecraft:adventure/avoid_vibration": {
    "criteria": {
      "avoid_vibration": "2024-06-04 07:32:30 +0000"
    },
    "done": true
  },
  "oxidized:recipes/copper_rail": {
    "criteria": {
      "has_copper_block": "2024-06-04 07:30:55 +0000"
    },
    "done": true
  },
  "betternether:recipes/decorations/nether_sakura_gate": {
    "criteria": {
      "has_408_stick": "2024-06-04 07:14:31 +0000"
    },
    "done": true
  },
  "terrestria:recipes/transportation/rainbow_eucalyptus_boat": {
    "criteria": {
      "in_water": "2024-06-04 07:08:44 +0000"
    },
    "done": true
  },
  "betternether:recipes/decorations/stalagnate_fence": {
    "criteria": {
      "has_81_stick": "2024-06-04 07:14:31 +0000"
    },
    "done": true
  },
  "minecraft:recipes/building_blocks/pink_concrete_powder": {
    "criteria": {
      "has_sand": "2024-06-04 07:29:00 +0000"
    },
    "done": true
  },
  "farmersdelight:recipes/farmersdelight/milk_bottle": {
    "criteria": {
      "has_milk_bucket": "2024-06-04 07:25:57 +0000"
    },
    "done": true
  },
  "betternether:recipes/decorations/nether_reed_sign": {
    "criteria": {
      "has_59_stick": "2024-06-04 07:14:31 +0000"
    },
    "done": true
  },
  "stoneworks:recipes/stoneworks.main/mossy_tuff_bricks_from_tuff_stonecutting": {
    "criteria": {
      "has_tuff": "2024-06-04 07:13:13 +0000"
    },
    "done": true
  },
  "betterend:recipes/decorations/umbrella_tree_sign": {
    "criteria": {
      "has_765_stick": "2024-06-04 07:14:31 +0000"
    },
    "done": true
  },
  "another_furniture:recipes/mangrove_drawer": {
    "criteria": {
      "has_planks": "2024-06-04 07:14:31 +0000"
    },
    "done": true
  },
  "minecraft:recipes/decorations/acacia_fence": {
    "criteria": {
      "has_planks": "2024-06-04 07:14:11 +0000"
    },
    "done": true
  },
  "betterend:recipes/decorations/lucernia_sign": {
    "criteria": {
      "has_817_stick": "2024-06-04 07:14:31 +0000"
    },
    "done": true
  },
  "stoneworks:recipes/stoneworks.main/tuff_paver_stairs_from_tuff_stonecutting": {
    "criteria": {
      "has_tuff": "2024-06-04 07:13:13 +0000"
    },
    "done": true
  },
  "takesapillage:root": {
    "criteria": {
      "always": "2024-06-04 07:05:38 +0000"
    },
    "done": true
  },
  "frostiful:recipes/combat/armor/fur_padded_chainmail_helmet": {
    "criteria": {
      "has_fur_armor": "2024-06-04 07:05:38 +0000"
    },
    "done": true
  },
  "betternether:recipes/decorations/anchor_tree_taburet": {
    "criteria": {
      "has_395_stick": "2024-06-04 07:14:31 +0000"
    },
    "done": true
  },
  "supplementaries:recipes/decorations/sign_post_acacia": {
    "criteria": {
      "has_planks": "2024-06-04 07:14:11 +0000"
    },
    "done": true
  },
  "terrestria:recipes/transportation/sakura_boat": {
    "criteria": {
      "in_water": "2024-06-04 07:08:43 +0000"
    },
    "done": true
  },
  "minecraft:recipes/decorations/deepslate_brick_wall_from_cobbled_deepslate_stonecutting": {
    "criteria": {
      "has_cobbled_deepslate": "2024-06-04 07:12:23 +0000"
    },
    "done": true
  },
  "betterend:recipes/decorations/pythadendron_gate": {
    "criteria": {
      "has_600_stick": "2024-06-04 07:14:31 +0000"
    },
    "done": true
  },
  "betterend:recipes/decorations/lacugrove_gate": {
    "criteria": {
      "has_652_stick": "2024-06-04 07:14:31 +0000"
    },
    "done": true
  },
  "minecraft:recipes/building_blocks/sandstone": {
    "criteria": {
      "has_sand": "2024-06-04 07:29:00 +0000"
    },
    "done": true
  },
  "minecraft:recipes/building_blocks/cobblestone_slab_from_cobblestone_stonecutting": {
    "criteria": {
      "has_cobblestone": "2024-06-04 07:30:08 +0000"
    },
    "done": true
  },
  "betternether:recipes/decorations/warped_ladder": {
    "criteria": {
      "has_260_stick": "2024-06-04 07:14:31 +0000"
    },
    "done": true
  },
  "seasonsextras:recipes/greenhouse_glass": {
    "criteria": {
      "has_glass": "2024-06-04 07:05:38 +0000"
    },
    "done": true
  },
  "oxidized:recipes/copper_lantern": {
    "criteria": {
      "has_copper_block": "2024-06-04 07:06:20 +0000"
    },
    "done": true
  },
  "betternether:recipes/decorations/nether_mushroom_chair": {
    "criteria": {
      "has_363_stick": "2024-06-04 07:14:31 +0000"
    },
    "done": true
  },
  "minecraft:recipes/transportation/acacia_boat": {
    "criteria": {
      "in_water": "2024-06-04 07:08:43 +0000"
    },
    "done": true
  },
  "betterend:recipes/decorations/tenanea_fence": {
    "criteria": {
      "has_702_stick": "2024-06-04 07:14:31 +0000"
    },
    "done": true
  },
  "farmersdelight:recipes/farmersdelight/cutting_board": {
    "criteria": {
      "has_stick": "2024-06-04 07:14:31 +0000"
    },
    "done": true
  },
  "minecraft:adventure/root": {
    "criteria": {
      "killed_by_something": "2024-06-04 07:21:23 +0000"
    },
    "done": true
  },
  "seasonsextras:recipes/crop_season_tester": {
    "criteria": {
      "has_iron": "2024-06-04 07:05:38 +0000"
    },
    "done": true
  },
  "betternether:recipes/decorations/dark_oak_taburet": {
    "criteria": {
      "has_220_stick": "2024-06-04 07:14:31 +0000"
    },
    "done": true
  },
  "minecraft:recipes/building_blocks/white_concrete_powder": {
    "criteria": {
      "has_sand": "2024-06-04 07:29:00 +0000"
    },
    "done": true
  },
  "betternether:recipes/decorations/mushroom_fir_chair": {
    "criteria": {
      "has_333_stick": "2024-06-04 07:14:31 +0000"
    },
    "done": true
  },
  "architects_palette:recipes/building_blocks/tuff_bricks": {
    "criteria": {
      "has_tuff": "2024-06-04 07:13:13 +0000"
    },
    "done": true
  },
  "minecraft:adventure/kill_all_mobs": {
    "criteria": {
      "minecraft:wither_skeleton": "2024-06-04 07:26:30 +0000"
    },
    "done": false
  },
  "another_furniture:recipes/spruce_drawer": {
    "criteria": {
      "has_planks": "2024-06-04 07:14:31 +0000"
    },
    "done": true
  },
  "stoneworks:recipes/stoneworks.main/tuff_tiles_from_tuff_stonecutting": {
    "criteria": {
      "has_tuff": "2024-06-04 07:13:13 +0000"
    },
    "done": true
  },
  "betterend:recipes/tools/golden_hammer": {
    "criteria": {
      "has_1125_stick": "2024-06-04 07:14:31 +0000"
    },
    "done": true
  },
  "betternether:recipes/decorations/birch_chair": {
    "criteria": {
      "has_230_stick": "2024-06-04 07:14:31 +0000"
    },
    "done": true
  },
  "advancednetherite:recipes/netherite_iron_block": {
    "criteria": {
      "has_ingredients": "2024-06-04 07:05:38 +0000"
    },
    "done": true
  },
  "betternether:recipes/decorations/nether_mushroom_sign": {
    "criteria": {
      "has_353_stick": "2024-06-04 07:14:32 +0000"
    },
    "done": true
  },
  "twigs:recipes/cobblestone_bricks/cobblestone_brick_slab_from_cobblestone_stonecutting": {
    "criteria": {
      "has_item": "2024-06-04 07:30:08 +0000"
    },
    "done": true
  },
  "charm:core/world": {
    "criteria": {
      "player_joined": "2024-06-04 07:05:38 +0000"
    },
    "done": true
  },
  "betternether:recipes/decorations/rail": {
    "criteria": {
      "has_1166_stick": "2024-06-04 07:14:31 +0000"
    },
    "done": true
  },
  "minecraft:recipes/building_blocks/polished_deepslate_from_cobbled_deepslate_stonecutting": {
    "criteria": {
      "has_cobbled_deepslate": "2024-06-04 07:12:23 +0000"
    },
    "done": true
  },
  "minecraft:recipes/redstone/redstone_block": {
    "criteria": {
      "has_redstone": "2024-06-04 07:30:55 +0000"
    },
    "done": true
  },
  "twigs:recipes/tuff/tuff_stairs": {
    "criteria": {
      "has_item": "2024-06-04 07:13:13 +0000"
    },
    "done": true
  },
  "betternether:recipes/decorations/stalagnate_taburet": {
    "criteria": {
      "has_104_stick": "2024-06-04 07:14:31 +0000"
    },
    "done": true
  },
  "betternether:recipes/decorations/acacia_bar_stool": {
    "criteria": {
      "has_250_stick": "2024-06-04 07:14:31 +0000"
    },
    "done": true
  },
  "oxidized:recipes/copper_pulsar": {
    "criteria": {
      "has_copper_block": "2024-06-04 07:30:55 +0000"
    },
    "done": true
  },
  "minecraft:recipes/building_blocks/polished_deepslate_slab_from_cobbled_deepslate_stonecutting": {
    "criteria": {
      "has_cobbled_deepslate": "2024-06-04 07:12:23 +0000"
    },
    "done": true
  },
  "betternether:recipes/decorations/spruce_chair": {
    "criteria": {
      "has_228_stick": "2024-06-04 07:14:31 +0000"
    },
    "done": true
  },
  "stoneworks:recipes/stoneworks.main/mossy_cobbled_tuff_stairs_from_tuff_stonecutting": {
    "criteria": {
      "has_tuff": "2024-06-04 07:13:13 +0000"
    },
    "done": true
  },
  "betterend:recipes/decorations/thallasium_sword_handle": {
    "criteria": {
      "has_1_stick": "2024-06-04 07:14:31 +0000"
    },
    "done": true
  },
  "betterend:recipes/decorations/jellyshroom_ladder": {
    "criteria": {
      "has_789_stick": "2024-06-04 07:14:31 +0000"
    },
    "done": true
  },
  "betterend:recipes/decorations/terminite_hammer": {
    "criteria": {
      "has_1_stick": "2024-06-04 07:14:31 +0000"
    },
    "done": true
  },
  "stoneworks:recipes/stoneworks.main/cracked_tuff_tiles_from_tuff_stonecutting": {
    "criteria": {
      "has_tuff": "2024-06-04 07:13:13 +0000"
    },
    "done": true
  },
  "betternether:recipes/decorations/nether_reed_fence": {
    "criteria": {
      "has_48_stick": "2024-06-04 07:14:31 +0000"
    },
    "done": true
  },
  "betterend:recipes/decorations/mossy_glowshroom_gate": {
    "criteria": {
      "has_574_stick": "2024-06-04 07:14:31 +0000"
    },
    "done": true
  },
  "minecraft:recipes/building_blocks/orange_concrete_powder": {
    "criteria": {
      "has_sand": "2024-06-04 07:29:00 +0000"
    },
    "done": true
  },
  "betternether:recipes/decorations/mushroom_fir_bar_stool": {
    "criteria": {
      "has_335_stick": "2024-06-04 07:14:32 +0000"
    },
    "done": true
  },
  "betternether:recipes/decorations/willow_taburet": {
    "criteria": {
      "has_142_stick": "2024-06-04 07:14:31 +0000"
    },
    "done": true
  },
  "edenring:recipes/decorations/pulse_tree_fence": {
    "criteria": {
      "has_1316_stick": "2024-06-04 07:14:31 +0000"
    },
    "done": true
  },
  "farmersdelight:recipes/farmersdelight/cooking/glow_berry_custard": {
    "criteria": {
      "has_any_ingredient": "2024-06-04 07:07:15 +0000"
    },
    "done": true
  },
  "minecraft:recipes/misc/lapis_lazuli_from_blasting_lapis_ore": {
    "criteria": {
      "has_lapis_ore": "2024-06-04 07:20:24 +0000"
    },
    "done": true
  },
  "stoneworks:recipes/stoneworks.main/tuff_paver_slab_from_tuff_stonecutting": {
    "criteria": {
      "has_tuff": "2024-06-04 07:13:13 +0000"
    },
    "done": true
  },
  "betterend:recipes/decorations/helix_tree_fence": {
    "criteria": {
      "has_728_stick": "2024-06-04 07:14:31 +0000"
    },
    "done": true
  },
  "advancednetherite:recipes/netherite_emerald_block": {
    "criteria": {
      "has_ingredients": "2024-06-04 07:05:38 +0000"
    },
    "done": true
  },
  "betternether:recipes/decorations/birch_bar_stool": {
    "criteria": {
      "has_246_stick": "2024-06-04 07:14:31 +0000"
    },
    "done": true
  },
  "minecraft:recipes/decorations/deepslate_tile_wall_from_cobbled_deepslate_stonecutting": {
    "criteria": {
      "has_cobbled_deepslate": "2024-06-04 07:12:23 +0000"
    },
    "done": true
  },
  "architects_palette:recipes/misc/sunmetal_blend_shapeless": {
    "criteria": {
      "has_soul_sand": "2024-06-04 07:24:20 +0000"
    },
    "done": true
  },
  "betternether:recipes/decorations/warped_chair": {
    "criteria": {
      "has_240_stick": "2024-06-04 07:14:31 +0000"
    },
    "done": true
  },
  "betternether:recipes/decorations/mushroom_fir_taburet": {
    "criteria": {
      "has_331_stick": "2024-06-04 07:14:31 +0000"
    },
    "done": true
  },
  "betternether:recipes/decorations/willow_bar_stool": {
    "criteria": {
      "has_146_stick": "2024-06-04 07:14:31 +0000"
    },
    "done": true
  },
  "minecraft:recipes/redstone/acacia_pressure_plate": {
    "criteria": {
      "has_planks": "2024-06-04 07:14:11 +0000"
    },
    "done": true
  },
  "stoneworks:recipes/stoneworks.main/tuff_plates_from_tuff_stonecutting": {
    "criteria": {
      "has_tuff": "2024-06-04 07:13:13 +0000"
    },
    "done": true
  },
  "betternether:recipes/decorations/anchor_tree_bar_stool": {
    "criteria": {
      "has_399_stick": "2024-06-04 07:14:31 +0000"
    },
    "done": true
  },
  "betterend:recipes/decorations/terminite_sword_handle": {
    "criteria": {
      "has_1_stick": "2024-06-04 07:14:31 +0000"
    },
    "done": true
  },
  "betternether:recipes/decorations/acacia_chair": {
    "criteria": {
      "has_234_stick": "2024-06-04 07:14:31 +0000"
    },
    "done": true
  },
  "twigs:recipes/tuff/tuff_stairs_stonecutting": {
    "criteria": {
      "has_item": "2024-06-04 07:13:13 +0000"
    },
    "done": true
  },
  "terrestria:recipes/transportation/yucca_palm_boat": {
    "criteria": {
      "in_water": "2024-06-04 07:08:43 +0000"
    },
    "done": true
  },
  "betterend:recipes/decorations/end_lotus_sign": {
    "criteria": {
      "has_635_stick": "2024-06-04 07:14:31 +0000"
    },
    "done": true
  },
  "meadow:recipes/bench": {
    "criteria": {
      "has_stick": "2024-06-04 07:14:31 +0000"
    },
    "done": true
  },
  "betternether:recipes/decorations/rubeus_fence": {
    "criteria": {
      "has_265_stick": "2024-06-04 07:14:31 +0000"
    },
    "done": true
  },
  "advancednetherite:recipes/netherite_gold_block": {
    "criteria": {
      "has_ingredients": "2024-06-04 07:05:38 +0000"
    },
    "done": true
  },
  "toms_storage:unlock_netherite": {
    "criteria": {
      "inv_changed-netherite": "2024-06-04 07:05:38 +0000"
    },
    "done": true
  },
  "betternether:recipes/decorations/nether_reed_ladder": {
    "criteria": {
      "has_57_stick": "2024-06-04 07:14:31 +0000"
    },
    "done": true
  },
  "betternether:recipes/decorations/nether_mushroom_gate": {
    "criteria": {
      "has_344_stick": "2024-06-04 07:14:31 +0000"
    },
    "done": true
  },
  "vinery:dirt_slab": {
    "criteria": {
      "has_dirt": "2024-06-04 07:29:02 +0000"
    },
    "done": true
  },
  "decorative_blocks:recipes/decorative_blocks.general/rocky_dirt": {
    "criteria": {
      "has_dirt": "2024-06-04 07:29:02 +0000"
    },
    "done": true
  },
  "betternether:recipes/decorations/detector_rail": {
    "criteria": {
      "has_1159_redstone": "2024-06-04 07:30:55 +0000"
    },
    "done": true
  },
  "betternether:recipes/decorations/farmland": {
    "criteria": {
      "has_1255_soul_sand": "2024-06-04 07:24:20 +0000"
    },
    "done": true
  },
  "advancednetherite:recipes/netherite_diamond_block": {
    "criteria": {
      "has_ingredients": "2024-06-04 07:05:38 +0000"
    },
    "done": true
  },
  "stoneworks:recipes/stoneworks.main/tuff_shingles_from_tuff_stonecutting": {
    "criteria": {
      "has_tuff": "2024-06-04 07:13:13 +0000"
    },
    "done": true
  },
  "betterend:recipes/decorations/helix_tree_sign": {
    "criteria": {
      "has_739_stick": "2024-06-04 07:14:31 +0000"
    },
    "done": true
  },
  "architects_palette:recipes/building_blocks/heavy_tuff_bricks": {
    "criteria": {
      "has_tuff": "2024-06-04 07:13:13 +0000"
    },
    "done": true
  },
  "another_furniture:recipes/oak_drawer": {
    "criteria": {
      "has_planks": "2024-06-04 07:14:31 +0000"
    },
    "done": true
  },
  "minecraft:recipes/combat/wooden_sword": {
    "criteria": {
      "has_stick": "2024-06-04 07:14:31 +0000"
    },
    "done": true
  },
  "betternether:recipes/decorations/whispering_gourd_lantern": {
    "criteria": {
      "has_1239_torch": "2024-06-04 07:06:20 +0000"
    },
    "done": true
  },
  "another_furniture:recipes/jungle_drawer": {
    "criteria": {
      "has_planks": "2024-06-04 07:14:31 +0000"
    },
    "done": true
  },
  "minecraft:recipes/building_blocks/gray_concrete_powder": {
    "criteria": {
      "has_sand": "2024-06-04 07:29:00 +0000"
    },
    "done": true
  },
  "stoneworks:recipes/stoneworks.main/tuff_plate_wall_from_tuff_stonecutting": {
    "criteria": {
      "has_tuff": "2024-06-04 07:13:13 +0000"
    },
    "done": true
  },
  "architects_palette:recipes/decorations/acacia_railing": {
    "criteria": {
      "has_acacia_planks": "2024-06-04 07:14:11 +0000"
    },
    "done": true
  },
  "edenring:recipes/decorations/brain_tree_gate": {
    "criteria": {
      "has_1344_stick": "2024-06-04 07:14:31 +0000"
    },
    "done": true
  },
  "betterend:recipes/decorations/dragon_tree_fence": {
    "criteria": {
      "has_676_stick": "2024-06-04 07:14:31 +0000"
    },
    "done": true
  },
  "meadow:recipes/cheese_stick": {
    "criteria": {
      "has_stick": "2024-06-04 07:14:31 +0000"
    },
    "done": true
  },
  "betternether:recipes/decorations/crimson_taburet": {
    "criteria": {
      "has_222_stick": "2024-06-04 07:14:31 +0000"
    },
    "done": true
  },
  "minecraft:recipes/building_blocks/black_concrete_powder": {
    "criteria": {
      "has_sand": "2024-06-04 07:29:00 +0000"
    },
    "done": true
  },
  "betternether:recipes/decorations/anchor_tree_sign": {
    "criteria": {
      "has_383_stick": "2024-06-04 07:14:31 +0000"
    },
    "done": true
  },
  "betternether:recipes/decorations/brick_pot": {
    "criteria": {
      "has_1203_soul_sand": "2024-06-04 07:24:20 +0000"
    },
    "done": true
  },
  "twigs:recipes/silt/silt_from_sand": {
    "criteria": {
      "has_item": "2024-06-04 07:29:00 +0000"
    },
    "done": true
  },
  "twigs:recipes/tables/acacia_table": {
    "criteria": {
      "has_bamboo": "2024-06-04 07:14:11 +0000"
    },
    "done": true
  },
  "bclib:recipes/decorations/tag_shield": {
    "criteria": {
      "has_tag_planks": "2024-06-04 07:14:11 +0000"
    },
    "done": true
  },
  "betternether:recipes/decorations/nether_reed_chair": {
    "criteria": {
      "has_69_stick": "2024-06-04 07:14:32 +0000"
    },
    "done": true
  },
  "betterend:recipes/decorations/lacugrove_ladder": {
    "criteria": {
      "has_659_stick": "2024-06-04 07:14:31 +0000"
    },
    "done": true
  },
  "minecraft:recipes/combat/crossbow": {
    "criteria": {
      "has_stick": "2024-06-04 07:14:31 +0000"
    },
    "done": true
  },
  "minecraft:recipes/decorations/cobbled_deepslate_wall": {
    "criteria": {
      "has_cobbled_deepslate": "2024-06-04 07:12:23 +0000"
    },
    "done": true
  },
  "betterend:recipes/decorations/thallasium_hammer": {
    "criteria": {
      "has_1_stick": "2024-06-04 07:14:31 +0000"
    },
    "done": true
  },
  "charm:core/mobs": {
    "criteria": {
      "player_joined": "2024-06-04 07:05:38 +0000"
    },
    "done": true
  },
  "betternether:recipes/decorations/nether_reed_bar_stool": {
    "criteria": {
      "has_71_stick": "2024-06-04 07:14:31 +0000"
    },
    "done": true
  },
  "ecologics:recipes/ecologics/azalea_boat": {
    "criteria": {
      "in_water": "2024-06-04 07:08:44 +0000"
    },
    "done": true
  },
  "vinery:acacia_wine_rack_big": {
    "criteria": {
      "has_acacia_planks": "2024-06-04 07:14:11 +0000"
    },
    "done": true
  },
  "betternether:recipes/decorations/willow_gate": {
    "criteria": {
      "has_121_stick": "2024-06-04 07:14:31 +0000"
    },
    "done": true
  },
  "architects_palette:recipes/building_blocks/tuff_bricks_from_tuff_stonecutting": {
    "criteria": {
      "has_tuff": "2024-06-04 07:13:13 +0000"
    },
    "done": true
  },
  "betterend:recipes/decorations/thallasium_shovel": {
    "criteria": {
      "has_1_stick": "2024-06-04 07:14:31 +0000"
    },
    "done": true
  },
  "minecraft:recipes/building_blocks/red_concrete_powder": {
    "criteria": {
      "has_sand": "2024-06-04 07:29:00 +0000"
    },
    "done": true
  },
  "betterdungeons:root": {
    "criteria": {
      "always": "2024-06-04 07:05:38 +0000"
    },
    "done": true
  },
  "stoneworks:recipes/stoneworks.main/tuff_tile_wall_from_tuff_stonecutting": {
    "criteria": {
      "has_tuff": "2024-06-04 07:13:13 +0000"
    },
    "done": true
  },
  "minecraft:recipes/decorations/polished_deepslate_wall_from_cobbled_deepslate_stonecutting": {
    "criteria": {
      "has_cobbled_deepslate": "2024-06-04 07:12:23 +0000"
    },
    "done": true
  },
  "betternether:recipes/decorations/spruce_taburet": {
    "criteria": {
      "has_212_stick": "2024-06-04 07:14:31 +0000"
    },
    "done": true
  },
  "minecraft:adventure/kill_a_mob": {
    "criteria": {
      "minecraft:wither_skeleton": "2024-06-04 07:26:30 +0000"
    },
    "done": true
  },
  "frostiful:recipes/combat/armor/fur_padded_chainmail_boots": {
    "criteria": {
      "has_fur_armor": "2024-06-04 07:05:38 +0000"
    },
    "done": true
  },
  "betternether:recipes/decorations/nether_reed_gate": {
    "criteria": {
      "has_50_stick": "2024-06-04 07:14:31 +0000"
    },
    "done": true
  },
  "betterend:recipes/decorations/terminite_hoe": {
    "criteria": {
      "has_1_stick": "2024-06-04 07:14:31 +0000"
    },
    "done": true
  },
  "the_bumblezone:the_bumblezone/root": {
    "criteria": {
      "instant_granted": "2024-06-04 07:05:38 +0000"
    },
    "done": true
  },
  "toms_storage:unlock_glowstone": {
    "criteria": {
      "inv_changed-glowstone": "2024-06-04 07:05:38 +0000"
    },
    "done": true
  },
  "meadow:recipes/cheese_bread": {
    "criteria": {
      "has_bread": "2024-06-04 07:06:07 +0000"
    },
    "done": true
  },
  "betterend:recipes/decorations/pythadendron_sign": {
    "criteria": {
      "has_609_stick": "2024-06-04 07:14:31 +0000"
    },
    "done": true
  },
  "minecraft:recipes/building_blocks/stone": {
    "criteria": {
      "has_cobblestone": "2024-06-04 07:30:08 +0000"
    },
    "done": true
  },
  "another_furniture:recipes/warped_drawer": {
    "criteria": {
      "has_planks": "2024-06-04 07:14:31 +0000"
    },
    "done": true
  },
  "betterend:recipes/decorations/end_lotus_ladder": {
    "criteria": {
      "has_633_stick": "2024-06-04 07:14:31 +0000"
    },
    "done": true
  },
  "minecraft:recipes/building_blocks/deepslate_bricks_from_cobbled_deepslate_stonecutting": {
    "criteria": {
      "has_cobbled_deepslate": "2024-06-04 07:12:23 +0000"
    },
    "done": true
  },
  "minecraft:recipes/building_blocks/deepslate_brick_stairs_from_cobbled_deepslate_stonecutting": {
    "criteria": {
      "has_cobbled_deepslate": "2024-06-04 07:12:23 +0000"
    },
    "done": true
  },
  "minecraft:adventure/adventuring_time": {
    "criteria": {
      "minecraft:beach": "2024-06-04 07:21:27 +0000",
      "minecraft:sparse_jungle": "2024-06-04 07:26:03 +0000",
      "minecraft:lukewarm_ocean": "2024-06-04 07:23:28 +0000",
      "minecraft:river": "2024-06-04 07:23:35 +0000",
      "minecraft:dripstone_caves": "2024-06-04 07:10:55 +0000",
      "minecraft:lush_caves": "2024-06-04 07:06:41 +0000",
      "minecraft:jungle": "2024-06-04 07:05:39 +0000"
    },
    "done": false
  },
  "betterend:recipes/decorations/umbrella_tree_gate": {
    "criteria": {
      "has_756_stick": "2024-06-04 07:14:31 +0000"
    },
    "done": true
  },
  "decorative_blocks:recipes/decorative_blocks.general/acacia_seat": {
    "criteria": {
      "has_plank": "2024-06-04 07:14:11 +0000"
    },
    "done": true
  },
  "minecraft:recipes/combat/stone_sword": {
    "criteria": {
      "has_cobblestone": "2024-06-04 07:12:23 +0000"
    },
    "done": true
  },
  "edenring:recipes/decorations/balloon_mushroom_sign": {
    "criteria": {
      "has_1301_stick": "2024-06-04 07:14:31 +0000"
    },
    "done": true
  },
  "minecraft:recipes/decorations/cobblestone_wall": {
    "criteria": {
      "has_cobblestone": "2024-06-04 07:30:08 +0000"
    },
    "done": true
  },
  "minecraft:recipes/decorations/barrel": {
    "criteria": {
      "has_planks": "2024-06-04 07:14:11 +0000"
    },
    "done": true
  },
  "twigs:recipes/tuff/tuff_wall_stonecutting": {
    "criteria": {
      "has_item": "2024-06-04 07:13:13 +0000"
    },
    "done": true
  },
  "minecraft:recipes/tools/stone_pickaxe": {
    "criteria": {
      "has_cobblestone": "2024-06-04 07:12:23 +0000"
    },
    "done": true
  },
  "minecraft:recipes/building_blocks/deepslate_brick_slab_from_cobbled_deepslate_stonecutting": {
    "criteria": {
      "has_cobbled_deepslate": "2024-06-04 07:12:23 +0000"
    },
    "done": true
  },
  "farmersdelight:recipes/farmersdelight/cooking/hot_cocoa": {
    "criteria": {
      "has_any_ingredient": "2024-06-04 07:25:57 +0000"
    },
    "done": true
  },
  "terrestria:recipes/transportation/willow_boat": {
    "criteria": {
      "in_water": "2024-06-04 07:08:44 +0000"
    },
    "done": true
  },
  "stoneworks:recipes/stoneworks.main/cobbled_tuff_slab_from_tuff_stonecutting": {
    "criteria": {
      "has_tuff": "2024-06-04 07:13:13 +0000"
    },
    "done": true
  },
  "minecraft:recipes/decorations/cobblestone_wall_from_cobblestone_stonecutting": {
    "criteria": {
      "has_cobblestone": "2024-06-04 07:30:08 +0000"
    },
    "done": true
  },
  "stoneworks:recipes/stoneworks.main/cobbled_tuff_wall_from_tuff_stonecutting": {
    "criteria": {
      "has_tuff": "2024-06-04 07:13:13 +0000"
    },
    "done": true
  },
  "betternether:recipes/decorations/wart_taburet": {
    "criteria": {
      "has_179_stick": "2024-06-04 07:14:31 +0000"
    },
    "done": true
  },
  "terrestria:recipes/transportation/japanese_maple_boat": {
    "criteria": {
      "in_water": "2024-06-04 07:08:43 +0000"
    },
    "done": true
  },
  "charm:core/root": {
    "criteria": {
      "player_joined": "2024-06-04 07:05:38 +0000"
    },
    "done": true
  },
  "betterend:recipes/decorations/helix_tree_gate": {
    "criteria": {
      "has_730_stick": "2024-06-04 07:14:31 +0000"
    },
    "done": true
  },
  "farmersdelight:recipes/farmersdelight/cooking/pumpkin_soup": {
    "criteria": {
      "has_any_ingredient": "2024-06-04 07:25:57 +0000"
    },
    "done": true
  },
  "betternether:recipes/decorations/warped_taburet": {
    "criteria": {
      "has_224_stick": "2024-06-04 07:14:32 +0000"
    },
    "done": true
  },
  "betterend:recipes/decorations/end_lotus_fence": {
    "criteria": {
      "has_624_stick": "2024-06-04 07:14:31 +0000"
    },
    "done": true
  },
  "minecraft:recipes/decorations/acacia_sign": {
    "criteria": {
      "has_planks": "2024-06-04 07:14:11 +0000"
    },
    "done": true
  },
  "betterend:recipes/decorations/thallasium_axe": {
    "criteria": {
      "has_1_stick": "2024-06-04 07:14:31 +0000"
    },
    "done": true
  },
  "dungeons_arise:wda_root": {
    "criteria": {
      "WDA": "2024-06-04 07:05:38 +0000"
    },
    "done": true
  },
  "stoneworks:recipes/stoneworks.main/tuff_plate_stairs_from_tuff_stonecutting": {
    "criteria": {
      "has_tuff": "2024-06-04 07:13:13 +0000"
    },
    "done": true
  },
  "vinery:campfire": {
    "criteria": {
      "has_stick": "2024-06-04 07:14:31 +0000"
    },
    "done": true
  },
  "another_furniture:recipes/acacia_shelf": {
    "criteria": {
      "has_planks": "2024-06-04 07:14:11 +0000"
    },
    "done": true
  },
  "stoneworks:recipes/stoneworks.main/tuff_brick_stairs_from_tuff_stonecutting": {
    "criteria": {
      "has_tuff": "2024-06-04 07:13:13 +0000"
    },
    "done": true
  },
  "another_furniture:recipes/acacia_chair": {
    "criteria": {
      "has_planks": "2024-06-04 07:14:11 +0000"
    },
    "done": true
  },
  "betterend:recipes/decorations/helix_tree_ladder": {
    "criteria": {
      "has_737_stick": "2024-06-04 07:14:31 +0000"
    },
    "done": true
  },
  "betternether:recipes/decorations/stalagnate_gate": {
    "criteria": {
      "has_83_stick": "2024-06-04 07:14:31 +0000"
    },
    "done": true
  },
  "seasonsextras:recipes/season_detector": {
    "criteria": {
      "has_detector": "2024-06-04 07:05:38 +0000"
    },
    "done": true
  },
  "betternether:recipes/decorations/stalagnate_ladder": {
    "criteria": {
      "has_90_stick": "2024-06-04 07:14:32 +0000"
    },
    "done": true
  },
  "edenring:recipes/decorations/brain_tree_ladder": {
    "criteria": {
      "has_1351_stick": "2024-06-04 07:14:31 +0000"
    },
    "done": true
  },
  "betterend:recipes/decorations/lucernia_gate": {
    "criteria": {
      "has_808_stick": "2024-06-04 07:14:31 +0000"
    },
    "done": true
  },
  "betterend:recipes/decorations/lacugrove_sign": {
    "criteria": {
      "has_661_stick": "2024-06-04 07:14:31 +0000"
    },
    "done": true
  },
  "edenring:recipes/decorations/auritis_ladder": {
    "criteria": {
      "has_1273_stick": "2024-06-04 07:14:31 +0000"
    },
    "done": true
  },
  "minecraft:recipes/building_blocks/cobbled_deepslate_slab_from_cobbled_deepslate_stonecutting": {
    "criteria": {
      "has_cobbled_deepslate": "2024-06-04 07:12:23 +0000"
    },
    "done": true
  },
  "betternether:recipes/decorations/wart_fence": {
    "criteria": {
      "has_156_stick": "2024-06-04 07:14:31 +0000"
    },
    "done": true
  },
  "minecraft:recipes/building_blocks/acacia_stairs": {
    "criteria": {
      "has_planks": "2024-06-04 07:14:11 +0000"
    },
    "done": true
  },
  "minecraft:recipes/tools/stone_axe": {
    "criteria": {
      "has_cobblestone": "2024-06-04 07:12:23 +0000"
    },
    "done": true
  },
  "stoneworks:recipes/stoneworks.main/tuff_tile_stairs_from_tuff_stonecutting": {
    "criteria": {
      "has_tuff": "2024-06-04 07:13:13 +0000"
    },
    "done": true
  },
  "betterend:recipes/decorations/mossy_glowshroom_sign": {
    "criteria": {
      "has_583_stick": "2024-06-04 07:14:31 +0000"
    },
    "done": true
  },
  "advancednetherite:recipes/netherite_ingots": {
    "criteria": {
      "has_ingredients": "2024-06-04 07:05:38 +0000"
    },
    "done": true
  },
  "immersive_weathering:immersive_weathering/dirts": {
    "criteria": {
      "dirt": "2024-06-04 07:29:02 +0000"
    },
    "done": false
  },
  "minecraft:recipes/decorations/soul_torch": {
    "criteria": {
      "has_soul_sand": "2024-06-04 07:24:20 +0000"
    },
    "done": true
  },
  "betternether:recipes/decorations/anchor_tree_ladder": {
    "criteria": {
      "has_381_stick": "2024-06-04 07:14:31 +0000"
    },
    "done": true
  },
  "twigs:recipes/tuff/tuff_slab": {
    "criteria": {
      "has_item": "2024-06-04 07:13:13 +0000"
    },
    "done": true
  },
  "betterend:recipes/decorations/lucernia_ladder": {
    "criteria": {
      "has_815_stick": "2024-06-04 07:14:31 +0000"
    },
    "done": true
  },
  "vinery:cherry_fence_gate": {
    "criteria": {
      "has_stick": "2024-06-04 07:14:31 +0000"
    },
    "done": true
  },
  "betterend:recipes/decorations/umbrella_tree_ladder": {
    "criteria": {
      "has_763_stick": "2024-06-04 07:14:31 +0000"
    },
    "done": true
  },
  "betterend:recipes/decorations/lucernia_fence": {
    "criteria": {
      "has_806_stick": "2024-06-04 07:14:32 +0000"
    },
    "done": true
  },
  "twigs:recipes/cobblestone_bricks/cobblestone_brick_wall_from_cobblestone_stonecutting": {
    "criteria": {
      "has_item": "2024-06-04 07:30:08 +0000"
    },
    "done": true
  },
  "minecraft:recipes/building_blocks/cobblestone_stairs_from_cobblestone_stonecutting": {
    "criteria": {
      "has_cobblestone": "2024-06-04 07:30:08 +0000"
    },
    "done": true
  },
  "minecraft:recipes/building_blocks/magenta_concrete_powder": {
    "criteria": {
      "has_sand": "2024-06-04 07:29:00 +0000"
    },
    "done": true
  },
  "betternether:recipes/decorations/acacia_taburet": {
    "criteria": {
      "has_218_stick": "2024-06-04 07:14:31 +0000"
    },
    "done": true
  },
  "betternether:recipes/decorations/chair_cincinnasite": {
    "criteria": {
      "has_192_stick": "2024-06-04 07:14:31 +0000"
    },
    "done": true
  },
  "stoneworks:recipes/stoneworks.main/tuff_plate_slab_from_tuff_stonecutting": {
    "criteria": {
      "has_tuff": "2024-06-04 07:13:13 +0000"
    },
    "done": true
  },
  "edenring:recipes/decorations/pulse_tree_gate": {
    "criteria": {
      "has_1318_stick": "2024-06-04 07:14:31 +0000"
    },
    "done": true
  },
  "minecraft:recipes/decorations/campfire": {
    "criteria": {
      "has_stick": "2024-06-04 07:14:31 +0000",
      "has_the_recipe": "2024-06-04 07:14:31 +0000"
    },
    "done": true
  },
  "minecraft:recipes/redstone/redstone": {
    "criteria": {
      "has_redstone_block": "2024-06-04 07:37:00 +0000"
    },
    "done": true
  },
  "betternether:recipes/decorations/mushroom_fir_sign": {
    "criteria": {
      "has_310_stick": "2024-06-04 07:14:31 +0000"
    },
    "done": true
  },
  "seasonsextras:recipes/seasonal_compendium": {
    "criteria": {
      "has_sapling": "2024-06-04 07:06:22 +0000"
    },
    "done": true
  },
  "twigs:recipes/lamps/lamp": {
    "criteria": {
      "has_item": "2024-06-04 07:06:20 +0000"
    },
    "done": true
  },
  "betternether:recipes/decorations/bar_stool_cincinnasite": {
    "criteria": {
      "has_194_stick": "2024-06-04 07:14:31 +0000"
    },
    "done": true
  },
  "edenring:recipes/decorations/auritis_gate": {
    "criteria": {
      "has_1266_stick": "2024-06-04 07:14:31 +0000"
    },
    "done": true
  },
  "minecraft:recipes/building_blocks/brown_concrete_powder": {
    "criteria": {
      "has_sand": "2024-06-04 07:29:00 +0000"
    },
    "done": true
  },
  "minecraft:recipes/building_blocks/deepslate_tile_slab_from_cobbled_deepslate_stonecutting": {
    "criteria": {
      "has_cobbled_deepslate": "2024-06-04 07:12:23 +0000"
    },
    "done": true
  },
  "twigs:recipes/tuff/polished_tuff_bricks_from_bloodstone_stonecutting": {
    "criteria": {
      "has_item": "2024-06-04 07:13:13 +0000"
    },
    "done": true
  },
  "betternether:recipes/decorations/rubeus_ladder": {
    "criteria": {
      "has_274_stick": "2024-06-04 07:14:31 +0000"
    },
    "done": true
  },
  "twigs:recipes/cobblestone_bricks/cobblestone_bricks_stonecutting": {
    "criteria": {
      "has_item": "2024-06-04 07:30:08 +0000"
    },
    "done": true
  },
  "minecraft:recipes/transportation/spruce_boat": {
    "criteria": {
      "in_water": "2024-06-04 07:08:43 +0000"
    },
    "done": true
  },
  "seasonsextras:recipes/tinted_greenhouse_glass": {
    "criteria": {
      "has_glass": "2024-06-04 07:05:38 +0000"
    },
    "done": true
  },
  "betternether:recipes/decorations/nether_sakura_taburet": {
    "criteria": {
      "has_429_stick": "2024-06-04 07:14:31 +0000"
    },
    "done": true
  },
  "stoneworks:recipes/stoneworks.main/mossy_cobbled_tuff_wall_from_tuff_stonecutting": {
    "criteria": {
      "has_tuff": "2024-06-04 07:13:13 +0000"
    },
    "done": true
  },
  "edenring:recipes/decorations/brain_tree_sign": {
    "criteria": {
      "has_1353_stick": "2024-06-04 07:14:31 +0000"
    },
    "done": true
  },
  "minecraft:nether/summon_wither": {
    "criteria": {
      "summoned": "2024-06-04 07:24:31 +0000"
    },
    "done": true
  },
  "stoneworks:recipes/stoneworks.main/cobbled_tuff_stairs_from_tuff_stonecutting": {
    "criteria": {
      "has_tuff": "2024-06-04 07:13:13 +0000"
    },
    "done": true
  },
  "betternether:recipes/decorations/piston": {
    "criteria": {
      "has_tag_planks": "2024-06-04 07:14:11 +0000"
    },
    "done": true
  },
  "twigs:recipes/cobblestone_bricks/cobblestone_bricks": {
    "criteria": {
      "has_item": "2024-06-04 07:30:08 +0000"
    },
    "done": true
  },
  "minecraft:husbandry/balanced_diet": {
    "criteria": {
      "bread": "2024-06-04 07:12:04 +0000",
      "glow_berries": "2024-06-04 07:08:34 +0000"
    },
    "done": false
  },
  "minecraft:recipes/tools/wooden_hoe": {
    "criteria": {
      "has_stick": "2024-06-04 07:14:31 +0000"
    },
    "done": true
  },
  "minecraft:recipes/building_blocks/cobblestone_stairs": {
    "criteria": {
      "has_cobblestone": "2024-06-04 07:30:08 +0000"
    },
    "done": true
  },
  "stoneworks:recipes/stoneworks.main/tuff_tile_slab_from_tuff_stonecutting": {
    "criteria": {
      "has_tuff": "2024-06-04 07:13:13 +0000"
    },
    "done": true
  },
  "architects_palette:recipes/misc/nether_brass_blend_shapeless": {
    "criteria": {
      "has_soul_sand": "2024-06-04 07:24:20 +0000"
    },
    "done": true
  },
  "stoneworks:recipes/stoneworks.main/tuff_paver_wall_from_tuff_stonecutting": {
    "criteria": {
      "has_tuff": "2024-06-04 07:13:13 +0000"
    },
    "done": true
  },
  "minecraft:recipes/redstone/note_block": {
    "criteria": {
      "has_redstone": "2024-06-04 07:30:55 +0000"
    },
    "done": true
  },
  "betternether:recipes/decorations/willow_sign": {
    "criteria": {
      "has_130_stick": "2024-06-04 07:14:31 +0000"
    },
    "done": true
  },
  "naturalist:recipes/naturalist/glow_goop": {
    "criteria": {
      "has_glow_berries": "2024-06-04 07:07:15 +0000"
    },
    "done": true
  },
  "minecraft:recipes/building_blocks/light_blue_concrete_powder": {
    "criteria": {
      "has_sand": "2024-06-04 07:29:00 +0000"
    },
    "done": true
  },
  "minecraft:recipes/building_blocks/deepslate_tiles_from_cobbled_deepslate_stonecutting": {
    "criteria": {
      "has_cobbled_deepslate": "2024-06-04 07:12:23 +0000"
    },
    "done": true
  },
  "bclib:recipes/decorations/tag_piston": {
    "criteria": {
      "has_tag_planks": "2024-06-04 07:14:11 +0000"
    },
    "done": true
  },
  "terrestria:recipes/transportation/cypress_boat": {
    "criteria": {
      "in_water": "2024-06-04 07:08:43 +0000"
    },
    "done": true
  },
  "betternether:recipes/decorations/rubeus_taburet": {
    "criteria": {
      "has_288_stick": "2024-06-04 07:14:31 +0000"
    },
    "done": true
  },
  "betternether:recipes/decorations/crimson_chair": {
    "criteria": {
      "has_238_stick": "2024-06-04 07:14:31 +0000"
    },
    "done": true
  },
  "edenring:recipes/decorations/gravity_compressor": {
    "criteria": {
      "has_1379_redstone": "2024-06-04 07:30:55 +0000"
    },
    "done": true
  },
  "twigs:recipes/tuff/polished_tuff": {
    "criteria": {
      "has_item": "2024-06-04 07:13:13 +0000"
    },
    "done": true
  },
  "minecraft:recipes/building_blocks/glass": {
    "criteria": {
      "has_sand": "2024-06-04 07:29:00 +0000"
    },
    "done": true
  },
  "betterend:recipes/decorations/pythadendron_ladder": {
    "criteria": {
      "has_607_stick": "2024-06-04 07:14:31 +0000"
    },
    "done": true
  },
  "stoneworks:recipes/stoneworks.main/polished_tuff_wall_from_tuff_stonecutting": {
    "criteria": {
      "has_tuff": "2024-06-04 07:13:13 +0000"
    },
    "done": true
  },
  "minecraft:nether/get_wither_skull": {
    "criteria": {
      "wither_skull": "2024-06-04 07:24:10 +0000"
    },
    "done": true
  },
  "minecraft:recipes/building_blocks/acacia_slab": {
    "criteria": {
      "has_planks": "2024-06-04 07:14:11 +0000"
    },
    "done": true
  },
  "minecraft:recipes/building_blocks/purple_concrete_powder": {
    "criteria": {
      "has_sand": "2024-06-04 07:29:00 +0000"
    },
    "done": true
  },
  "edenring:recipes/decorations/brain_tree_fence": {
    "criteria": {
      "has_1342_stick": "2024-06-04 07:14:32 +0000"
    },
    "done": true
  },
  "another_furniture:recipes/crimson_drawer": {
    "criteria": {
      "has_planks": "2024-06-04 07:14:31 +0000"
    },
    "done": true
  },
  "stoneworks:recipes/stoneworks.main/mossy_tuff_brick_wall_from_tuff_stonecutting": {
    "criteria": {
      "has_tuff": "2024-06-04 07:13:13 +0000"
    },
    "done": true
  },
  "decorative_blocks:recipes/decorative_blocks.general/acacia_support": {
    "criteria": {
      "has_plank": "2024-06-04 07:14:11 +0000"
    },
    "done": true
  },
  "betternether:recipes/decorations/mushroom_fir_fence": {
    "criteria": {
      "has_299_stick": "2024-06-04 07:14:31 +0000"
    },
    "done": true
  },
  "architects_palette:recipes/redstone/redstone_cage_lantern": {
    "criteria": {
      "has_redstone": "2024-06-04 07:30:55 +0000"
    },
    "done": true
  },
  "minecraft:story/mine_stone": {
    "criteria": {
      "get_stone": "2024-06-04 07:12:23 +0000"
    },
    "done": true
  },
  "minecraft:recipes/redstone/target": {
    "criteria": {
      "has_redstone": "2024-06-04 07:30:55 +0000"
    },
    "done": true
  },
  "minecraft:recipes/decorations/furnace": {
    "criteria": {
      "has_cobblestone": "2024-06-04 07:12:23 +0000"
    },
    "done": true
  },
  "stoneworks:recipes/stoneworks.main/tuff_shingle_slab_from_tuff_stonecutting": {
    "criteria": {
      "has_tuff": "2024-06-04 07:13:13 +0000"
    },
    "done": true
  },
  "minecraft:recipes/misc/charcoal": {
    "criteria": {
      "has_log": "2024-06-04 07:13:50 +0000"
    },
    "done": true
  },
  "charm:core/smithing": {
    "criteria": {
      "player_joined": "2024-06-04 07:05:38 +0000"
    },
    "done": true
  },
  "minecraft:recipes/tools/wooden_pickaxe": {
    "criteria": {
      "has_stick": "2024-06-04 07:14:31 +0000"
    },
    "done": true
  },
  "betternether:recipes/decorations/oak_chair": {
    "criteria": {
      "has_226_stick": "2024-06-04 07:14:32 +0000"
    },
    "done": true
  },
  "minecraft:recipes/building_blocks/cobbled_deepslate_stairs": {
    "criteria": {
      "has_cobbled_deepslate": "2024-06-04 07:12:23 +0000"
    },
    "done": true
  },
  "betternether:recipes/decorations/jungle_taburet": {
    "criteria": {
      "has_216_stick": "2024-06-04 07:14:31 +0000"
    },
    "done": true
  },
  "minecraft:recipes/redstone/redstone_torch": {
    "criteria": {
      "has_redstone": "2024-06-04 07:30:55 +0000"
    },
    "done": true
  },
  "minecraft:husbandry/root": {
    "criteria": {
      "consumed_item": "2024-06-04 07:08:34 +0000"
    },
    "done": true
  },
  "minecraft:recipes/transportation/birch_boat": {
    "criteria": {
      "in_water": "2024-06-04 07:08:43 +0000"
    },
    "done": true
  },
  "minecraft:recipes/building_blocks/green_concrete_powder": {
    "criteria": {
      "has_sand": "2024-06-04 07:29:00 +0000"
    },
    "done": true
  },
  "minecraft:recipes/building_blocks/cobbled_deepslate_stairs_from_cobbled_deepslate_stonecutting": {
    "criteria": {
      "has_cobbled_deepslate": "2024-06-04 07:12:23 +0000"
    },
    "done": true
  },
  "meadow:recipes/camera": {
    "criteria": {
      "has_stick": "2024-06-04 07:14:31 +0000"
    },
    "done": true
  },
  "betternether:recipes/decorations/nether_sakura_chair": {
    "criteria": {
      "has_431_stick": "2024-06-04 07:14:31 +0000"
    },
    "done": true
  },
  "betterend:recipes/decorations/leather_wrapped_stick": {
    "criteria": {
      "has_1110_stick": "2024-06-04 07:14:31 +0000"
    },
    "done": true
  },
  "minecraft:recipes/redstone/acacia_door": {
    "criteria": {
      "has_planks": "2024-06-04 07:14:11 +0000"
    },
    "done": true
  },
  "stoneworks:recipes/stoneworks.main/tuff_brick_slab_from_tuff_stonecutting": {
    "criteria": {
      "has_tuff": "2024-06-04 07:13:13 +0000"
    },
    "done": true
  },
  "charm:core/tools": {
    "criteria": {
      "player_joined": "2024-06-04 07:05:38 +0000"
    },
    "done": true
  },
  "edenring:recipes/decorations/balloon_mushroom_gate": {
    "criteria": {
      "has_1292_stick": "2024-06-04 07:14:31 +0000"
    },
    "done": true
  },
  "betternether:recipes/decorations/willow_ladder": {
    "criteria": {
      "has_128_stick": "2024-06-04 07:14:31 +0000"
    },
    "done": true
  },
  "farmersdelight:main/root": {
    "criteria": {
      "seeds": "2024-06-04 07:05:38 +0000"
    },
    "done": true
  },
  "betternether:recipes/decorations/wart_sign": {
    "criteria": {
      "has_167_stick": "2024-06-04 07:14:31 +0000"
    },
    "done": true
  },
  "minecraft:recipes/tools/clock": {
    "criteria": {
      "has_redstone": "2024-06-04 07:30:55 +0000"
    },
    "done": true
  },
  "minecraft:recipes/tools/stone_hoe": {
    "criteria": {
      "has_cobblestone": "2024-06-04 07:12:23 +0000"
    },
    "done": true
  },
  "architects_palette:main/root": {
    "criteria": {
      "craftingtable": "2024-06-04 07:05:38 +0000"
    },
    "done": true
  },
  "betternether:recipes/decorations/nether_mushroom_taburet": {
    "criteria": {
      "has_361_stick": "2024-06-04 07:14:31 +0000"
    },
    "done": true
  },
  "twigs:recipes/tuff/tuff_slab_stonecutting": {
    "criteria": {
      "has_item": "2024-06-04 07:13:13 +0000"
    },
    "done": true
  },
  "betternether:recipes/decorations/rubeus_gate": {
    "criteria": {
      "has_267_stick": "2024-06-04 07:14:31 +0000"
    },
    "done": true
  },
  "frostiful:recipes/combat/armor/fur_padded_chainmail_leggings": {
    "criteria": {
      "has_fur_armor": "2024-06-04 07:05:38 +0000"
    },
    "done": true
  },
  "stoneworks:recipes/stoneworks.main/tuff_bricks_from_tuff_stonecutting": {
    "criteria": {
      "has_tuff": "2024-06-04 07:13:13 +0000"
    },
    "done": true
  },
  "minecraft:recipes/building_blocks/deepslate": {
    "criteria": {
      "has_cobbled_deepslate": "2024-06-04 07:12:23 +0000"
    },
    "done": true
  },
  "betternether:recipes/decorations/jungle_chair": {
    "criteria": {
      "has_232_stick": "2024-06-04 07:14:32 +0000"
    },
    "done": true
  },
  "frostiful:recipes/combat/armor/fur_padded_chainmail_chestplate": {
    "criteria": {
      "has_fur_armor": "2024-06-04 07:05:38 +0000"
    },
    "done": true
  },
  "charm:core/decoration": {
    "criteria": {
      "player_joined": "2024-06-04 07:05:38 +0000"
    },
    "done": true
  },
  "betterend:recipes/decorations/thallasium_pickaxe": {
    "criteria": {
      "has_1_stick": "2024-06-04 07:14:31 +0000"
    },
    "done": true
  },
  "betternether:recipes/decorations/stalagnate_sign": {
    "criteria": {
      "has_92_stick": "2024-06-04 07:14:31 +0000"
    },
    "done": true
  },
  "stoneworks:recipes/stoneworks.main/polished_tuff_slab_from_tuff_stonecutting": {
    "criteria": {
      "has_tuff": "2024-06-04 07:13:13 +0000"
    },
    "done": true
  },
  "betternether:recipes/decorations/nether_sakura_fence": {
    "criteria": {
      "has_406_stick": "2024-06-04 07:14:31 +0000"
    },
    "done": true
  },
  "betterend:recipes/decorations/jellyshroom_gate": {
    "criteria": {
      "has_782_stick": "2024-06-04 07:14:31 +0000"
    },
    "done": true
  },
  "toms_storage:unlock_chest": {
    "criteria": {
      "inv_changed-chest": "2024-06-04 07:05:38 +0000"
    },
    "done": true
  },
  "betternether:recipes/decorations/rubeus_chair": {
    "criteria": {
      "has_290_stick": "2024-06-04 07:14:31 +0000"
    },
    "done": true
  },
  "betternether:recipes/decorations/anchor_tree_fence": {
    "criteria": {
      "has_372_stick": "2024-06-04 07:14:31 +0000"
    },
    "done": true
  },
  "naturescompass:natures_compass_log": {
    "criteria": {
      "has_recipe": "2024-06-04 07:05:38 +0000"
    },
    "done": true
  },
  "terrestria:recipes/transportation/redwood_boat": {
    "criteria": {
      "in_water": "2024-06-04 07:08:44 +0000"
    },
    "done": true
  },
  "betternether:recipes/decorations/stalagnate_chair": {
    "criteria": {
      "has_106_stick": "2024-06-04 07:14:31 +0000"
    },
    "done": true
  },
  "minecraft:story/upgrade_tools": {
    "criteria": {
      "stone_pickaxe": "2024-06-04 07:12:18 +0000"
    },
    "done": true
  },
  "betterend:recipes/decorations/tenanea_ladder": {
    "criteria": {
      "has_711_stick": "2024-06-04 07:14:31 +0000"
    },
    "done": true
  },
  "betterend:recipes/decorations/umbrella_tree_fence": {
    "criteria": {
      "has_754_stick": "2024-06-04 07:14:31 +0000"
    },
    "done": true
  },
  "minecraft:recipes/transportation/oak_boat": {
    "criteria": {
      "in_water": "2024-06-04 07:08:43 +0000"
    },
    "done": true
  },
  "architects_palette:recipes/building_blocks/tuff_lamp": {
    "criteria": {
      "has_tuff": "2024-06-04 07:13:13 +0000"
    },
    "done": true
  },
  "minecraft:recipes/building_blocks/cyan_concrete_powder": {
    "criteria": {
      "has_sand": "2024-06-04 07:29:00 +0000"
    },
    "done": true
  },
  "minecraft:recipes/tools/wooden_axe": {
    "criteria": {
      "has_stick": "2024-06-04 07:14:32 +0000"
    },
    "done": true
  },
  "farmersdelight:main/plant_all_crops": {
    "criteria": {
      "glow_berries": "2024-06-04 07:11:33 +0000"
    },
    "done": false
  },
  "betternether:recipes/decorations/crimson_bar_stool": {
    "criteria": {
      "has_254_stick": "2024-06-04 07:14:31 +0000"
    },
    "done": true
  },
  "betterend:recipes/decorations/tenanea_sign": {
    "criteria": {
      "has_713_stick": "2024-06-04 07:14:31 +0000"
    },
    "done": true
  },
  "ecologics:recipes/ecologics/coconut_boat": {
    "criteria": {
      "in_water": "2024-06-04 07:08:43 +0000"
    },
    "done": true
  },
  "stoneworks:recipes/stoneworks.main/tuff_shingle_stairs_from_tuff_stonecutting": {
    "criteria": {
      "has_tuff": "2024-06-04 07:13:13 +0000"
    },
    "done": true
  },
  "twigs:recipes/cobblestone_bricks/cobblestone_brick_stairs_from_cobblestone_stonecutting": {
    "criteria": {
      "has_item": "2024-06-04 07:30:08 +0000"
    },
    "done": true
  },
  "stoneworks:recipes/stoneworks.main/mossy_cobbled_tuff_from_tuff_stonecutting": {
    "criteria": {
      "has_tuff": "2024-06-04 07:13:13 +0000"
    },
    "done": true
  },
  "betternether:recipes/decorations/dark_oak_chair": {
    "criteria": {
      "has_236_stick": "2024-06-04 07:14:32 +0000"
    },
    "done": true
  },
  "betternether:recipes/decorations/cincinnasite_pot": {
    "criteria": {
      "has_1224_soul_sand": "2024-06-04 07:24:20 +0000"
    },
    "done": true
  },
  "edenring:recipes/decorations/pulse_tree_sign": {
    "criteria": {
      "has_1327_stick": "2024-06-04 07:14:31 +0000"
    },
    "done": true
  },
  "another_furniture:recipes/furniture_hammer": {
    "criteria": {
      "has_stick": "2024-06-04 07:14:31 +0000"
    },
    "done": true
  },
  "betterend:recipes/decorations/thallasium_hoe": {
    "criteria": {
      "has_1_stick": "2024-06-04 07:14:32 +0000"
    },
    "done": true
  },
  "betternether:recipes/decorations/nether_mushroom_fence": {
    "criteria": {
      "has_342_stick": "2024-06-04 07:14:31 +0000"
    },
    "done": true
  },
  "galosphere:recipes/galosphere/barometer": {
    "criteria": {
      "has_redstone": "2024-06-04 07:30:55 +0000"
    },
    "done": true
  },
  "edenring:recipes/decorations/auritis_sign": {
    "criteria": {
      "has_1275_stick": "2024-06-04 07:14:31 +0000"
    },
    "done": true
  },
  "another_furniture:recipes/birch_drawer": {
    "criteria": {
      "has_planks": "2024-06-04 07:14:32 +0000"
    },
    "done": true
  },
  "seasonsextras:recipes/season_calendar": {
    "criteria": {
      "has_clock": "2024-06-04 07:05:38 +0000"
    },
    "done": true
  },
  "edenring:recipes/decorations/balloon_mushroom_ladder": {
    "criteria": {
      "has_1299_stick": "2024-06-04 07:14:31 +0000"
    },
    "done": true
  },
  "bclib:recipes/decorations/tag_smith_table": {
    "criteria": {
      "has_tag_planks": "2024-06-04 07:14:11 +0000"
    },
    "done": true
  },
  "minecraft:recipes/redstone/acacia_fence_gate": {
    "criteria": {
      "has_planks": "2024-06-04 07:14:11 +0000"
    },
    "done": true
  },
  "stoneworks:recipes/stoneworks.main/tuff_brick_wall_from_tuff_stonecutting": {
    "criteria": {
      "has_tuff": "2024-06-04 07:13:13 +0000"
    },
    "done": true
  },
  "stoneworks:recipes/stoneworks.main/polished_tuff_from_tuff_stonecutting": {
    "criteria": {
      "has_tuff": "2024-06-04 07:13:13 +0000"
    },
    "done": true
  },
  "twigs:recipes/tuff/polished_tuff_stonecutting": {
    "criteria": {
      "has_item": "2024-06-04 07:13:13 +0000"
    },
    "done": true
  },
  "minecraft:recipes/tools/stone_shovel": {
    "criteria": {
      "has_cobblestone": "2024-06-04 07:12:23 +0000"
    },
    "done": true
  },
  "stoneworks:recipes/stoneworks.main/tuff_pillar_from_tuff_stonecutting": {
    "criteria": {
      "has_tuff": "2024-06-04 07:13:13 +0000"
    },
    "done": true
  },
  "minecraft:recipes/building_blocks/blue_concrete_powder": {
    "criteria": {
      "has_sand": "2024-06-04 07:29:00 +0000"
    },
    "done": true
  },
  "betternether:recipes/decorations/nether_sakura_sign": {
    "criteria": {
      "has_417_stick": "2024-06-04 07:14:31 +0000"
    },
    "done": true
  },
  "terrestria:recipes/transportation/rubber_boat": {
    "criteria": {
      "in_water": "2024-06-04 07:08:44 +0000"
    },
    "done": true
  },
  "betternether:recipes/decorations/jungle_bar_stool": {
    "criteria": {
      "has_248_stick": "2024-06-04 07:14:31 +0000"
    },
    "done": true
  },
  "betternether:recipes/decorations/wart_bar_stool": {
    "criteria": {
      "has_183_stick": "2024-06-04 07:14:31 +0000"
    },
    "done": true
  },
  "vinery:acacia_wine_rack_small": {
    "criteria": {
      "has_acacia_planks": "2024-06-04 07:14:11 +0000"
    },
    "done": true
  },
  "betternether:recipes/decorations/rubeus_bar_stool": {
    "criteria": {
      "has_292_stick": "2024-06-04 07:14:31 +0000"
    },
    "done": true
  },
  "minecraft:recipes/redstone/acacia_trapdoor": {
    "criteria": {
      "has_planks": "2024-06-04 07:14:11 +0000"
    },
    "done": true
  },
  "betterend:recipes/decorations/dragon_tree_gate": {
    "criteria": {
      "has_678_stick": "2024-06-04 07:14:31 +0000"
    },
    "done": true
  },
  "betternether:recipes/decorations/wart_chair": {
    "criteria": {
      "has_181_stick": "2024-06-04 07:14:31 +0000"
    },
    "done": true
  },
  "charm:core/automation": {
    "criteria": {
      "player_joined": "2024-06-04 07:05:38 +0000"
    },
    "done": true
  },
  "terrestria:recipes/transportation/hemlock_boat": {
    "criteria": {
      "in_water": "2024-06-04 07:08:44 +0000"
    },
    "done": true
  },
  "betternether:recipes/decorations/anchor_tree_chair": {
    "criteria": {
      "has_397_stick": "2024-06-04 07:14:31 +0000"
    },
    "done": true
  },
  "minecraft:recipes/building_blocks/polished_deepslate_stairs_from_cobbled_deepslate_stonecutting": {
    "criteria": {
      "has_cobbled_deepslate": "2024-06-04 07:12:23 +0000"
    },
    "done": true
  },
  "decorative_blocks:recipes/decorative_blocks.general/chandelier": {
    "criteria": {
      "has_torch": "2024-06-04 07:06:20 +0000"
    },
    "done": true
  },
  "the_bumblezone:the_bumblezone/wiki": {
    "criteria": {
      "instant_granted": "2024-06-04 07:05:38 +0000"
    },
    "done": true
  },
  "stoneworks:recipes/stoneworks.main/mossy_tuff_brick_stairs_from_tuff_stonecutting": {
    "criteria": {
      "has_tuff": "2024-06-04 07:13:13 +0000"
    },
    "done": true
  },
  "minecraft:recipes/misc/skull_banner_pattern": {
    "criteria": {
      "has_wither_skeleton_skull": "2024-06-04 07:24:10 +0000"
    },
    "done": true
  },
  "betternether:recipes/decorations/shield": {
    "criteria": {
      "has_tag_planks": "2024-06-04 07:14:11 +0000"
    },
    "done": true
  },
  "betterend:recipes/decorations/dragon_tree_ladder": {
    "criteria": {
      "has_685_stick": "2024-06-04 07:14:31 +0000"
    },
    "done": true
  },
  "minecraft:recipes/redstone/dropper": {
    "criteria": {
      "has_redstone": "2024-06-04 07:30:55 +0000"
    },
    "done": true
  },
  "betterend:recipes/decorations/mossy_glowshroom_fence": {
    "criteria": {
      "has_572_stick": "2024-06-04 07:14:32 +0000"
    },
    "done": true
  },
  "betternether:recipes/decorations/oak_taburet": {
    "criteria": {
      "has_210_stick": "2024-06-04 07:14:31 +0000"
    },
    "done": true
  },
  "supplementaries:recipes/decorations/hanging_sign_acacia": {
    "criteria": {
      "has_planks": "2024-06-04 07:14:11 +0000"
    },
    "done": true
  },
  "stoneworks:recipes/stoneworks.main/tuff_pavers_from_tuff_stonecutting": {
    "criteria": {
      "has_tuff": "2024-06-04 07:13:13 +0000"
    },
    "done": true
  },
  "minecraft:recipes/building_blocks/acacia_planks": {
    "criteria": {
      "has_log": "2024-06-04 07:13:50 +0000"
    },
    "done": true
  },
  "minecraft:recipes/redstone/repeater": {
    "criteria": {
      "has_redstone_torch": "2024-06-04 07:41:30 +0000"
    },
    "done": true
  },
  "minecraft:recipes/tools/compass": {
    "criteria": {
      "has_redstone": "2024-06-04 07:30:55 +0000"
    },
    "done": true
  },
  "stoneworks:recipes/stoneworks.main/polished_tuff_stairs_from_tuff_stonecutting": {
    "criteria": {
      "has_tuff": "2024-06-04 07:13:13 +0000"
    },
    "done": true
  },
  "twilightforest:recipes/twilightforest.twilightforest/alpha_yeti_banner_pattern": {
    "criteria": {
      "has_trophy": "2024-06-04 07:46:30 +0000"
    },
    "done": true
  },
  "betternether:recipes/decorations/anchor_tree_gate": {
    "criteria": {
      "has_374_stick": "2024-06-04 07:14:31 +0000"
    },
    "done": true
  },
  "betternether:recipes/decorations/mushroom_fir_ladder": {
    "criteria": {
      "has_308_stick": "2024-06-04 07:14:31 +0000"
    },
    "done": true
  },
  "byg:root": {
    "criteria": {
      "tick": "2024-06-04 07:05:38 +0000"
    },
    "done": true
  },
  "bclib:recipes/decorations/tag_compass": {
    "criteria": {
      "has_440_redstone": "2024-06-04 07:30:55 +0000"
    },
    "done": true
  },
  "betterend:recipes/decorations/jellyshroom_sign": {
    "criteria": {
      "has_791_stick": "2024-06-04 07:14:31 +0000"
    },
    "done": true
  },
  "farmersdelight:recipes/farmersdelight/flint_knife": {
    "criteria": {
      "has_stick": "2024-06-04 07:14:31 +0000"
    },
    "done": true
  },
  "seasonsextras:recipes/air_conditioning": {
    "criteria": {
      "has_furnace": "2024-06-04 07:05:38 +0000"
    },
    "done": true
  },
  "architects_palette:recipes/building_blocks/charcoal_block_from_smoking": {
    "criteria": {
      "has_log": "2024-06-04 07:13:50 +0000"
    },
    "done": true
  },
  "decorative_blocks:recipes/decorations/torch_from_chandelier": {
    "criteria": {
      "has_torch": "2024-06-04 07:06:20 +0000"
    },
    "done": true
  },
  "byg:husbandry/root": {
    "criteria": {
      "consumed_item": "2024-06-04 07:08:34 +0000"
    },
    "done": true
  },
  "betterend:recipes/decorations/mossy_glowshroom_ladder": {
    "criteria": {
      "has_581_stick": "2024-06-04 07:14:31 +0000"
    },
    "done": true
  },
  "betternether:recipes/decorations/willow_chair": {
    "criteria": {
      "has_144_stick": "2024-06-04 07:14:32 +0000"
    },
    "done": true
  },
  "betternether:recipes/decorations/oak_bar_stool": {
    "criteria": {
      "has_242_stick": "2024-06-04 07:14:31 +0000"
    },
    "done": true
  },
  "betterend:recipes/decorations/dragon_tree_sign": {
    "criteria": {
      "has_687_stick": "2024-06-04 07:14:31 +0000"
    },
    "done": true
  },
  "toms_storage:unlock_dia_pearl": {
    "criteria": {
      "inv_changed-ender_pearl": "2024-06-04 07:05:38 +0000",
      "inv_changed-diamond": "2024-06-04 07:05:38 +0000"
    },
    "done": true
  },
  "betternether:recipes/decorations/spruce_bar_stool": {
    "criteria": {
      "has_244_stick": "2024-06-04 07:14:31 +0000"
    },
    "done": true
  },
  "betterend:recipes/decorations/pythadendron_fence": {
    "criteria": {
      "has_598_stick": "2024-06-04 07:14:31 +0000"
    },
    "done": true
  },
  "edenring:recipes/decorations/auritis_fence": {
    "criteria": {
      "has_1264_stick": "2024-06-04 07:14:31 +0000"
    },
    "done": true
  },
  "bclib:recipes/decorations/tag_rail": {
    "criteria": {
      "has_438_stick": "2024-06-04 07:14:31 +0000"
    },
    "done": true
  },
  "another_furniture:recipes/acacia_drawer": {
    "criteria": {
      "has_planks": "2024-06-04 07:14:31 +0000"
    },
    "done": true
  },
  "betternether:recipes/decorations/rubeus_sign": {
    "criteria": {
      "has_276_stick": "2024-06-04 07:14:31 +0000"
    },
    "done": true
  },
  "minecraft:recipes/transportation/jungle_boat": {
    "criteria": {
      "in_water": "2024-06-04 07:08:43 +0000"
    },
    "done": true
  },
  "betternether:recipes/decorations/taburet_cincinnasite": {
    "criteria": {
      "has_190_stick": "2024-06-04 07:14:31 +0000"
    },
    "done": true
  },
  "stoneworks:recipes/stoneworks.main/mossy_cobbled_tuff_slab_from_tuff_stonecutting": {
    "criteria": {
      "has_tuff": "2024-06-04 07:13:13 +0000"
    },
    "done": true
  },
  "minecraft:recipes/transportation/dark_oak_boat": {
    "criteria": {
      "in_water": "2024-06-04 07:08:44 +0000"
    },
    "done": true
  },
  "architects_palette:recipes/decorations/acacia_totem_wing_shapeless": {
    "criteria": {
      "has_stick": "2024-06-04 07:14:32 +0000"
    },
    "done": true
  },
  "stoneworks:recipes/stoneworks.main/cobbled_tuff_from_tuff_stonecutting": {
    "criteria": {
      "has_tuff": "2024-06-04 07:13:13 +0000"
    },
    "done": true
  },
  "betternether:recipes/decorations/stalagnate_bar_stool": {
    "criteria": {
      "has_108_stick": "2024-06-04 07:14:31 +0000"
    },
    "done": true
  },
  "betternether:recipes/decorations/crimson_ladder": {
    "criteria": {
      "has_258_stick": "2024-06-04 07:14:31 +0000"
    },
    "done": true
  },
  "betternether:recipes/decorations/mushroom_fir_gate": {
    "criteria": {
      "has_301_stick": "2024-06-04 07:14:31 +0000"
    },
    "done": true
  },
  "minecraft:recipes/redstone/piston": {
    "criteria": {
      "has_redstone": "2024-06-04 07:30:55 +0000"
    },
    "done": true
  },
  "twilightforest:progress_yeti": {
    "criteria": {
      "trophy": "2024-06-04 07:46:30 +0000"
    },
    "done": false
  },
  "minecraft:recipes/misc/lapis_lazuli_from_smelting_lapis_ore": {
    "criteria": {
      "has_lapis_ore": "2024-06-04 07:20:24 +0000"
    },
    "done": true
  },
  "betterend:recipes/decorations/end_lotus_gate": {
    "criteria": {
      "has_626_stick": "2024-06-04 07:14:31 +0000"
    },
    "done": true
  },
  "betternether:recipes/decorations/birch_taburet": {
    "criteria": {
      "has_214_stick": "2024-06-04 07:14:31 +0000"
    },
    "done": true
  },
  "stoneworks:recipes/stoneworks.main/cracked_tuff_bricks_from_tuff_stonecutting": {
    "criteria": {
      "has_tuff": "2024-06-04 07:13:13 +0000"
    },
    "done": true
  },
  "charm:core/tweaks": {
    "criteria": {
      "player_joined": "2024-06-04 07:05:38 +0000"
    },
    "done": true
  },
  "deeperdarker:recipes/deeperdarker.deeper_and_darker/echo_boat": {
    "criteria": {
      "in_water": "2024-06-04 07:08:43 +0000"
    },
    "done": true
  },
  "minecraft:recipes/decorations/soul_campfire": {
    "criteria": {
      "has_stick": "2024-06-04 07:14:31 +0000"
    },
    "done": true
  },
  "betternether:recipes/decorations/wart_gate": {
    "criteria": {
      "has_158_stick": "2024-06-04 07:14:31 +0000"
    },
    "done": true
  },
  "betternether:recipes/decorations/nether_sakura_ladder": {
    "criteria": {
      "has_415_stick": "2024-06-04 07:14:31 +0000"
    },
    "done": true
  },
  "immersive_weathering:recipes/sand": {
    "criteria": {
      "has_copper_block": "2024-06-04 07:29:00 +0000"
    },
    "done": true
  },
  "twilightforest:recipes/twilightforest.twilightforest/charm_of_life_2": {
    "criteria": {
      "has_item": "2024-06-04 07:06:13 +0000"
    },
    "done": true
  },
  "betterend:recipes/decorations/terminite_shovel": {
    "criteria": {
      "has_1_stick": "2024-06-04 07:14:31 +0000"
    },
    "done": true
  },
  "betterend:recipes/decorations/terminite_pickaxe": {
    "criteria": {
      "has_1_stick": "2024-06-04 07:14:32 +0000"
    },
    "done": true
  },
  "repurposed_structures:root": {
    "criteria": {
      "always": "2024-06-04 07:05:38 +0000"
    },
    "done": true
  },
  "DataVersion": 3120
}